Date,Crop,Temperature_C,Rainfall_mm,Soil_Moisture_percent,Yield_kg_per_hectare,Market_Price_per_kg,Market_Demand_kg,Drought_Risk,Frost_Risk,Heat_Stress_Risk
2021-01-01,Wheat,22.74,17.95,59.72,4666.50,128.65,49789.93,1.0,0.0,0.0
2021-01-01,Corn,28.15,31.53,42.96,9467.91,50.00,79481.66,0.5,0.0,0.0
2021-01-01,Soybeans,21.47,0.00,24.13,2522.85,278.83,30783.41,1.0,0.0,0.0
2021-01-01,Rice,15.72,0.00,71.98,6271.95,131.83,57460.34,1.0,0.0,0.0
2021-01-01,Barley,17.54,21.69,32.74,3757.55,125.32,24545.71,1.0,0.0,0.0
2021-01-02,Wheat,17.51,47.83,49.80,4108.19,163.75,48074.64,0.5,0.0,0.0
2021-01-02,Corn,21.56,0.00,30.08,9205.36,50.00,81168.86,1.0,0.0,0.0
2021-01-02,Soybeans,19.94,15.53,27.82,2525.58,289.76,32424.04,1.0,0.0,0.0
2021-01-02,Rice,22.23,0.00,54.86,6219.63,118.77,61842.94,1.0,0.0,0.0
2021-01-02,Barley,25.67,34.02,37.41,3749.96,144.13,27209.25,0.5,0.0,0.0
2021-01-03,Wheat,18.38,17.30,33.40,3946.16,167.60,53486.78,1.0,0.0,0.0
2021-01-03,Corn,20.41,35.13,55.42,9222.51,50.00,84314.95,0.5,0.0,0.0
2021-01-03,Soybeans,20.60,43.55,10.70,2810.95,289.30,29866.56,0.5,0.0,0.0
2021-01-03,Rice,21.23,0.00,46.70,6317.28,158.45,59892.61,1.0,0.0,0.0
2021-01-03,Barley,16.73,12.55,63.73,3876.83,124.11,26413.68,1.0,0.0,0.0
2021-01-04,Wheat,21.52,34.65,39.47,4216.29,136.75,48105.01,0.5,0.0,0.0
2021-01-04,Corn,22.51,24.04,50.08,9276.67,50.00,80809.97,1.0,0.0,0.0
2021-01-04,Soybeans,19.32,8.09,47.58,2828.07,324.60,30968.38,1.0,0.0,0.0
2021-01-04,Rice,22.32,19.01,21.22,6162.00,135.53,66164.93,1.0,0.0,0.0
2021-01-04,Barley,20.07,24.65,49.48,3563.65,164.46,27019.88,1.0,0.0,0.0
2021-01-05,Wheat,25.24,6.53,71.04,4140.35,158.23,55670.38,1.0,0.0,0.0
2021-01-05,Corn,16.34,11.68,51.49,9143.50,50.00,82200.28,1.0,0.0,0.0
2021-01-05,Soybeans,15.98,27.28,36.21,3005.36,264.12,30129.56,1.0,0.0,0.0
2021-01-05,Rice,25.36,1.71,53.41,6585.48,87.36,61916.63,1.0,0.0,0.0
2021-01-05,Barley,22.59,31.90,31.45,3482.83,153.82,26238.71,0.5,0.0,0.0
2021-01-06,Wheat,22.80,25.43,39.80,4324.30,147.75,50117.82,1.0,0.0,0.0
2021-01-06,Corn,30.88,27.34,32.13,9455.40,50.00,84048.61,1.0,0.0,0.5
2021-01-06,Soybeans,27.34,7.92,64.45,2994.05,296.68,34721.50,1.0,0.0,0.0
2021-01-06,Rice,20.32,8.93,36.66,6041.17,137.02,62538.13,1.0,0.0,0.0
2021-01-06,Barley,22.93,32.64,50.20,4136.26,123.71,31213.60,0.5,0.0,0.0
2021-01-07,Wheat,24.93,7.44,33.94,4330.38,137.27,53231.12,1.0,0.0,0.0
2021-01-07,Corn,24.17,19.21,37.30,8963.63,50.00,84597.79,1.0,0.0,0.0
2021-01-07,Soybeans,22.87,1.62,52.60,2872.02,267.44,31389.32,1.0,0.0,0.0
2021-01-07,Rice,22.09,3.16,55.37,6416.25,147.09,64271.35,1.0,0.0,0.0
2021-01-07,Barley,14.91,6.23,57.73,3853.00,145.53,33607.02,1.0,0.0,0.0
2021-01-08,Wheat,24.91,37.41,64.31,4575.79,129.30,53577.12,0.5,0.0,0.0
2021-01-08,Corn,18.20,16.83,42.72,9245.58,61.38,79560.16,1.0,0.0,0.0
2021-01-08,Soybeans,25.49,0.00,42.92,2987.30,281.79,29080.02,1.0,0.0,0.0
2021-01-08,Rice,18.48,30.57,39.04,6284.49,130.95,61167.82,0.5,0.0,0.0
2021-01-08,Barley,32.78,29.89,19.62,3822.97,122.66,27734.46,1.0,0.0,0.5
2021-01-09,Wheat,18.35,18.74,57.57,4482.03,113.94,51645.63,1.0,0.0,0.0
2021-01-09,Corn,19.94,10.67,76.48,9484.14,50.00,85539.14,1.0,0.0,0.0
2021-01-09,Soybeans,32.93,35.95,27.21,2740.36,315.72,29973.44,0.5,0.0,0.5
2021-01-09,Rice,24.53,32.09,36.10,6278.08,65.44,60728.78,0.5,0.0,0.0
2021-01-09,Barley,21.05,1.75,74.49,3600.42,131.99,26418.80,1.0,0.0,0.0
2021-01-10,Wheat,29.78,0.00,67.45,4437.04,119.44,53493.60,1.0,0.0,0.0
2021-01-10,Corn,23.56,11.56,51.05,9236.93,50.00,85435.30,1.0,0.0,0.0
2021-01-10,Soybeans,30.50,1.99,82.00,2628.54,291.82,32718.27,1.0,0.0,0.5
2021-01-10,Rice,23.97,11.22,46.88,6197.97,121.28,64782.48,1.0,0.0,0.0
2021-01-10,Barley,24.35,10.17,63.49,3942.81,149.52,27543.96,1.0,0.0,0.0
2021-01-11,Wheat,18.68,12.26,61.21,4439.43,138.60,53058.06,1.0,0.0,0.0
2021-01-11,Corn,29.21,11.79,58.21,9366.29,50.00,86714.99,1.0,0.0,0.0
2021-01-11,Soybeans,26.95,32.87,69.58,2987.35,294.15,31073.51,0.5,0.0,0.0
2021-01-11,Rice,24.44,18.71,51.45,6458.17,107.60,67572.86,1.0,0.0,0.0
2021-01-11,Barley,17.79,2.45,67.37,3978.03,144.97,27668.39,1.0,0.0,0.0
2021-01-12,Wheat,23.02,7.32,51.14,4165.04,165.38,52782.45,1.0,0.0,0.0
2021-01-12,Corn,18.95,15.96,56.19,9189.63,50.00,85409.88,1.0,0.0,0.0
2021-01-12,Soybeans,24.30,13.17,42.93,2830.44,257.82,29031.01,1.0,0.0,0.0
2021-01-12,Rice,19.48,17.58,54.66,6598.38,136.21,63372.00,1.0,0.0,0.0
2021-01-12,Barley,22.98,5.74,49.72,3732.17,144.35,24883.82,1.0,0.0,0.0
2021-01-13,Wheat,25.93,43.89,48.37,4469.22,152.07,52526.38,0.5,0.0,0.0
2021-01-13,Corn,24.45,21.09,51.47,9189.39,50.00,86322.11,1.0,0.0,0.0
2021-01-13,Soybeans,30.58,35.29,82.30,2934.44,300.07,32363.98,0.5,0.0,0.5
2021-01-13,Rice,34.28,8.77,37.40,6227.47,89.56,62943.08,1.0,0.0,0.5
2021-01-13,Barley,19.53,23.15,55.13,4192.51,146.77,25510.60,1.0,0.0,0.0
2021-01-14,Wheat,19.09,28.41,30.20,4564.97,159.46,52641.74,1.0,0.0,0.0
2021-01-14,Corn,15.01,41.34,48.28,9521.79,50.00,84529.40,0.5,0.0,0.0
2021-01-14,Soybeans,23.61,21.73,43.25,2920.34,261.83,31863.30,1.0,0.0,0.0
2021-01-14,Rice,24.18,28.74,60.67,6177.75,103.10,66851.46,1.0,0.0,0.0
2021-01-14,Barley,25.24,9.80,73.27,3961.49,156.43,26925.08,1.0,0.0,0.0
2021-01-15,Wheat,34.13,47.50,46.27,4661.97,146.36,56567.56,0.5,0.0,0.5
2021-01-15,Corn,19.01,31.46,65.88,9030.60,50.00,82050.01,0.5,0.0,0.0
2021-01-15,Soybeans,22.48,31.93,72.54,2966.19,313.92,29537.98,0.5,0.0,0.0
2021-01-15,Rice,15.31,20.33,55.76,6266.07,89.34,64418.12,1.0,0.0,0.0
2021-01-15,Barley,17.31,31.21,55.50,3625.02,129.97,24796.72,0.5,0.0,0.0
2021-01-16,Wheat,23.77,35.64,35.21,4385.82,129.75,52493.63,0.5,0.0,0.0
2021-01-16,Corn,23.54,5.78,41.70,9015.91,58.98,86597.52,1.0,0.0,0.0
2021-01-16,Soybeans,20.58,24.52,48.32,2752.23,302.19,33962.64,1.0,0.0,0.0
2021-01-16,Rice,21.43,12.68,45.87,5808.61,116.39,67629.00,1.0,0.0,0.0
2021-01-16,Barley,32.30,17.58,58.65,4013.69,193.28,29278.84,1.0,0.0,0.5
2021-01-17,Wheat,23.69,7.14,25.90,4221.36,129.34,51482.73,1.0,0.0,0.0
2021-01-17,Corn,21.09,5.25,75.31,9574.30,50.00,89883.47,1.0,0.0,0.0
2021-01-17,Soybeans,24.71,8.55,72.85,3036.26,257.80,32215.66,1.0,0.0,0.0
2021-01-17,Rice,19.95,0.73,63.89,6702.29,87.45,66318.62,1.0,0.0,0.0
2021-01-17,Barley,21.07,14.16,41.11,3571.84,142.39,25501.72,1.0,0.0,0.0
2021-01-18,Wheat,25.93,20.88,46.42,4151.58,134.67,56084.60,1.0,0.0,0.0
2021-01-18,Corn,27.08,6.97,51.49,9492.45,50.00,88404.83,1.0,0.0,0.0
2021-01-18,Soybeans,21.26,30.19,38.55,2404.77,271.26,32840.46,0.5,0.0,0.0
2021-01-18,Rice,25.87,8.07,59.58,6040.45,137.26,63066.55,1.0,0.0,0.0
2021-01-18,Barley,21.31,22.34,37.09,3666.39,159.47,26133.13,1.0,0.0,0.0
2021-01-19,Wheat,29.00,4.86,57.95,4677.74,83.62,53225.25,1.0,0.0,0.0
2021-01-19,Corn,27.70,18.76,55.57,9271.60,50.00,87399.12,1.0,0.0,0.0
2021-01-19,Soybeans,30.66,25.62,55.06,2850.77,276.22,32026.31,1.0,0.0,0.5
2021-01-19,Rice,26.79,15.49,54.35,6785.71,129.92,65130.81,1.0,0.0,0.0
2021-01-19,Barley,30.83,15.68,19.43,3535.14,104.81,26706.50,1.0,0.0,0.5
2021-01-20,Wheat,25.15,47.13,54.90,4376.51,157.18,50640.57,0.5,0.0,0.0
2021-01-20,Corn,26.24,33.55,27.82,9497.36,50.00,87269.97,0.5,0.0,0.0
2021-01-20,Soybeans,28.23,56.05,52.73,3007.64,270.51,31338.02,0.0,0.0,0.0
2021-01-20,Rice,29.21,9.14,51.07,6270.27,140.12,66742.74,1.0,0.0,0.0
2021-01-20,Barley,30.25,14.33,45.95,3665.18,130.48,28286.02,1.0,0.0,0.5
2021-01-21,Wheat,29.09,8.34,63.04,4693.93,140.92,59058.73,1.0,0.0,0.0
2021-01-21,Corn,21.44,3.50,23.32,9437.17,50.00,88377.06,1.0,0.0,0.0
2021-01-21,Soybeans,26.70,5.29,86.69,3036.91,280.71,34634.62,1.0,0.0,0.0
2021-01-21,Rice,27.71,25.53,38.14,6413.17,163.18,69057.01,1.0,0.0,0.0
2021-01-21,Barley,33.27,14.51,35.16,3812.34,137.24,29840.95,1.0,0.0,0.5
2021-01-22,Wheat,17.08,45.31,47.63,4214.24,124.40,52236.15,0.5,0.0,0.0
2021-01-22,Corn,29.66,23.47,30.65,9037.80,50.00,92211.43,1.0,0.0,0.0
2021-01-22,Soybeans,24.25,0.00,46.31,2719.50,237.28,33218.93,1.0,0.0,0.0
2021-01-22,Rice,24.39,32.81,77.73,6723.52,109.30,64441.99,0.5,0.0,0.0
2021-01-22,Barley,38.41,23.26,50.21,3976.86,136.47,27484.21,1.0,0.0,1.0
2021-01-23,Wheat,22.92,14.37,49.51,4196.77,130.82,55997.81,1.0,0.0,0.0
2021-01-23,Corn,24.51,45.14,10.24,9404.85,50.00,85109.14,0.5,0.0,0.0
2021-01-23,Soybeans,24.07,17.00,28.89,2563.60,275.24,36975.51,1.0,0.0,0.0
2021-01-23,Rice,30.46,41.65,60.83,6266.25,120.19,67920.69,0.5,0.0,0.5
2021-01-23,Barley,19.67,33.27,46.40,3720.30,152.37,28781.00,0.5,0.0,0.0
2021-01-24,Wheat,24.22,40.18,33.78,4414.64,151.50,55403.23,0.5,0.0,0.0
2021-01-24,Corn,27.65,4.02,63.86,9366.90,50.00,91733.73,1.0,0.0,0.0
2021-01-24,Soybeans,22.50,1.66,26.65,2782.79,263.08,37122.98,1.0,0.0,0.0
2021-01-24,Rice,15.61,48.24,53.17,6299.08,118.63,68025.06,0.5,0.0,0.0
2021-01-24,Barley,25.83,39.34,51.71,3925.65,126.36,27897.27,0.5,0.0,0.0
2021-01-25,Wheat,27.80,0.00,29.78,4375.51,144.03,55889.94,1.0,0.0,0.0
2021-01-25,Corn,26.35,28.22,41.90,9173.81,50.00,88055.90,1.0,0.0,0.0
2021-01-25,Soybeans,28.30,0.00,65.44,3004.70,284.93,35720.12,1.0,0.0,0.0
2021-01-25,Rice,34.59,38.23,22.39,6078.33,124.76,67561.67,0.5,0.0,0.5
2021-01-25,Barley,28.85,12.12,52.80,3725.64,125.81,25315.63,1.0,0.0,0.0
2021-01-26,Wheat,21.88,2.97,35.36,4412.22,120.71,61756.40,1.0,0.0,0.0
2021-01-26,Corn,28.96,26.01,37.12,9467.29,50.00,90630.63,1.0,0.0,0.0
2021-01-26,Soybeans,39.29,21.80,67.24,2932.08,282.02,37436.58,1.0,0.0,1.0
2021-01-26,Rice,23.36,50.43,60.62,6325.01,141.27,69735.07,0.0,0.0,0.0
2021-01-26,Barley,29.60,0.00,39.09,3741.97,136.19,29487.16,1.0,0.0,0.0
2021-01-27,Wheat,27.61,3.45,55.70,4483.65,149.10,58885.00,1.0,0.0,0.0
2021-01-27,Corn,30.89,30.37,48.95,9082.21,50.00,91172.88,0.5,0.0,0.5
2021-01-27,Soybeans,28.08,4.33,33.78,2969.02,280.45,35397.07,1.0,0.0,0.0
2021-01-27,Rice,26.87,23.92,64.07,6333.66,130.24,67143.58,1.0,0.0,0.0
2021-01-27,Barley,24.55,18.84,53.33,3754.10,162.52,26572.51,1.0,0.0,0.0
2021-01-28,Wheat,26.02,17.13,71.70,4492.28,158.33,53982.13,1.0,0.0,0.0
2021-01-28,Corn,28.29,37.07,51.23,9626.29,50.00,93943.90,0.5,0.0,0.0
2021-01-28,Soybeans,38.45,18.28,43.32,3228.30,302.46,33126.23,1.0,0.0,1.0
2021-01-28,Rice,24.85,19.50,29.83,6052.95,118.06,66808.31,1.0,0.0,0.0
2021-01-28,Barley,26.78,27.24,73.26,3788.89,156.33,28048.65,1.0,0.0,0.0
2021-01-29,Wheat,26.93,34.10,33.16,4379.81,143.83,58165.91,0.5,0.0,0.0
2021-01-29,Corn,28.63,60.81,40.43,9303.85,50.00,90378.66,0.0,0.0,0.0
2021-01-29,Soybeans,23.99,41.81,71.31,2865.95,268.71,35251.44,0.5,0.0,0.0
2021-01-29,Rice,24.42,33.47,53.04,6073.21,168.39,72208.96,0.5,0.0,0.0
2021-01-29,Barley,24.12,18.16,54.29,3915.82,147.02,32610.91,1.0,0.0,0.0
2021-01-30,Wheat,26.52,12.26,29.31,4090.11,147.08,60995.75,1.0,0.0,0.0
2021-01-30,Corn,24.82,27.59,49.75,9589.82,58.74,90788.88,1.0,0.0,0.0
2021-01-30,Soybeans,24.96,39.90,60.23,3299.88,279.68,33725.40,0.5,0.0,0.0
2021-01-30,Rice,30.36,40.87,62.31,6598.33,140.39,71226.55,0.5,0.0,0.5
2021-01-30,Barley,34.32,33.97,47.49,3977.92,156.62,27069.45,0.5,0.0,0.5
2021-01-31,Wheat,29.47,18.61,50.43,4639.79,137.83,57722.94,1.0,0.0,0.0
2021-01-31,Corn,20.83,35.70,59.68,9810.77,50.00,92646.40,0.5,0.0,0.0
2021-01-31,Soybeans,28.88,48.17,48.57,2983.76,292.81,34951.26,0.5,0.0,0.0
2021-01-31,Rice,25.40,27.42,66.10,6234.03,134.47,67755.84,1.0,0.0,0.0
2021-01-31,Barley,33.61,1.66,41.62,3922.89,165.01,28683.53,1.0,0.0,0.5
2021-02-01,Wheat,25.08,53.00,28.28,3858.39,162.34,56847.13,0.0,0.0,0.0
2021-02-01,Corn,22.75,35.41,53.66,9253.73,50.00,94306.89,0.5,0.0,0.0
2021-02-01,Soybeans,31.10,23.29,77.70,2832.09,256.21,33326.92,1.0,0.0,0.5
2021-02-01,Rice,27.62,28.43,46.38,6435.41,99.73,72309.01,1.0,0.0,0.0
2021-02-01,Barley,27.44,41.54,55.14,4024.54,142.86,29821.03,0.5,0.0,0.0
2021-02-02,Wheat,31.28,45.00,52.95,4609.38,132.97,60950.31,0.5,0.0,0.5
2021-02-02,Corn,24.69,52.08,49.40,9111.87,50.00,91550.02,0.0,0.0,0.0
2021-02-02,Soybeans,32.27,15.28,43.31,2491.91,291.28,29994.29,1.0,0.0,0.5
2021-02-02,Rice,20.15,36.47,61.79,6468.47,104.26,69588.67,0.5,0.0,0.0
2021-02-02,Barley,28.05,7.69,72.55,4134.13,124.63,29088.81,1.0,0.0,0.0
2021-02-03,Wheat,29.33,0.00,46.29,4188.35,125.26,57724.33,1.0,0.0,0.0
2021-02-03,Corn,37.27,34.97,41.43,9564.36,50.00,95107.71,0.5,0.0,1.0
2021-02-03,Soybeans,28.58,15.65,60.47,2998.21,297.98,36242.26,1.0,0.0,0.0
2021-02-03,Rice,33.53,17.33,69.76,6558.32,161.96,68565.46,1.0,0.0,0.5
2021-02-03,Barley,36.97,28.32,40.23,3830.68,129.32,29991.60,1.0,0.0,1.0
2021-02-04,Wheat,31.11,17.05,49.63,4821.87,164.00,59373.17,1.0,0.0,0.5
2021-02-04,Corn,28.69,27.45,59.20,9233.27,50.00,90263.67,1.0,0.0,0.0
2021-02-04,Soybeans,30.50,35.36,42.75,3204.25,247.31,32171.57,0.5,0.0,0.5
2021-02-04,Rice,29.62,41.36,75.26,6463.47,145.35,70123.61,0.5,0.0,0.0
2021-02-04,Barley,27.64,38.91,59.78,3637.84,169.50,32010.45,0.5,0.0,0.0
2021-02-05,Wheat,25.58,31.90,57.41,4458.82,127.52,57368.76,0.5,0.0,0.0
2021-02-05,Corn,28.58,43.55,58.15,9389.59,50.00,88242.12,0.5,0.0,0.0
2021-02-05,Soybeans,34.46,0.00,44.56,2643.44,268.37,37548.86,1.0,0.0,0.5
2021-02-05,Rice,26.37,31.16,49.30,6467.94,125.16,67888.42,0.5,0.0,0.0
2021-02-05,Barley,33.69,18.55,26.65,3721.67,168.14,31056.45,1.0,0.0,0.5
2021-02-06,Wheat,27.18,21.03,45.18,4755.07,138.76,59780.98,1.0,0.0,0.0
2021-02-06,Corn,34.07,29.85,46.11,9391.73,50.00,94199.00,1.0,0.0,0.5
2021-02-06,Soybeans,32.56,27.05,60.99,2968.50,282.83,31356.14,1.0,0.0,0.5
2021-02-06,Rice,33.50,31.47,64.97,5943.56,183.74,70425.90,0.5,0.0,0.5
2021-02-06,Barley,34.46,10.67,59.19,3751.24,125.00,33288.51,1.0,0.0,0.5
2021-02-07,Wheat,28.17,29.85,63.05,4555.83,139.11,59857.08,1.0,0.0,0.0
2021-02-07,Corn,41.14,25.73,53.02,9738.11,50.00,96977.51,1.0,0.0,1.0
2021-02-07,Soybeans,32.32,9.45,74.50,2785.34,294.64,33967.74,1.0,0.0,0.5
2021-02-07,Rice,28.81,31.52,54.82,6509.60,154.44,71859.65,0.5,0.0,0.0
2021-02-07,Barley,27.91,41.05,67.84,3754.86,149.34,30965.92,0.5,0.0,0.0
2021-02-08,Wheat,27.84,47.55,47.75,4437.40,135.60,59361.86,0.5,0.0,0.0
2021-02-08,Corn,23.85,5.32,73.92,9249.32,50.00,90622.34,1.0,0.0,0.0
2021-02-08,Soybeans,26.14,7.07,74.63,3150.62,260.21,40103.29,1.0,0.0,0.0
2021-02-08,Rice,34.24,22.05,12.51,6707.22,87.46,67906.04,1.0,0.0,0.5
2021-02-08,Barley,34.44,63.51,70.76,4238.07,138.66,31372.18,0.0,0.0,0.5
2021-02-09,Wheat,33.33,31.47,51.56,4441.50,123.88,58970.13,0.5,0.0,0.5
2021-02-09,Corn,21.07,25.78,35.17,9017.36,50.00,98034.38,1.0,0.0,0.0
2021-02-09,Soybeans,34.12,3.69,35.16,3012.55,259.85,35269.62,1.0,0.0,0.5
2021-02-09,Rice,32.28,12.73,51.58,6139.37,123.09,72077.35,1.0,0.0,0.5
2021-02-09,Barley,21.57,33.86,49.71,3942.41,137.75,32494.02,0.5,0.0,0.0
2021-02-10,Wheat,30.36,21.15,51.83,4513.69,138.14,59810.63,1.0,0.0,0.5
2021-02-10,Corn,26.22,17.65,28.96,9592.21,50.00,94181.30,1.0,0.0,0.0
2021-02-10,Soybeans,26.14,41.01,45.58,3120.83,261.70,36395.65,0.5,0.0,0.0
2021-02-10,Rice,25.55,59.77,32.19,6397.96,138.75,72502.93,0.0,0.0,0.0
2021-02-10,Barley,28.80,25.64,50.66,3863.20,154.29,34285.77,1.0,0.0,0.0
2021-02-11,Wheat,27.14,7.39,48.68,4845.47,112.79,63202.75,1.0,0.0,0.0
2021-02-11,Corn,38.31,19.63,58.53,9840.75,50.00,95472.07,1.0,0.0,1.0
2021-02-11,Soybeans,27.02,12.72,40.26,2552.11,298.60,34414.77,1.0,0.0,0.0
2021-02-11,Rice,31.09,4.60,54.96,6561.65,80.47,72657.54,1.0,0.0,0.5
2021-02-11,Barley,36.06,9.79,75.09,4139.46,114.83,29850.72,1.0,0.0,1.0
2021-02-12,Wheat,32.91,29.43,58.08,4294.22,146.03,57289.23,1.0,0.0,0.5
2021-02-12,Corn,29.56,14.73,38.97,9567.12,50.00,97404.92,1.0,0.0,0.0
2021-02-12,Soybeans,24.66,23.54,68.20,2962.97,327.87,36856.63,1.0,0.0,0.0
2021-02-12,Rice,31.08,23.65,52.00,6387.60,140.60,74053.39,1.0,0.0,0.5
2021-02-12,Barley,26.19,8.32,22.46,3792.39,114.50,25752.55,1.0,0.0,0.0
2021-02-13,Wheat,32.25,66.05,49.91,4671.82,134.84,60108.01,0.0,0.0,0.5
2021-02-13,Corn,34.90,24.30,54.01,9532.00,50.00,98473.35,1.0,0.0,0.5
2021-02-13,Soybeans,29.43,17.31,58.05,2739.48,290.98,36165.24,1.0,0.0,0.0
2021-02-13,Rice,35.74,35.77,49.62,6640.57,145.38,73482.57,0.5,0.0,1.0
2021-02-13,Barley,30.36,8.97,34.02,3730.59,125.74,29778.95,1.0,0.0,0.5
2021-02-14,Wheat,30.78,36.96,48.94,4523.69,138.20,56540.94,0.5,0.0,0.5
2021-02-14,Corn,25.80,26.85,31.85,9390.92,50.00,99224.52,1.0,0.0,0.0
2021-02-14,Soybeans,29.42,51.38,52.23,2890.73,272.10,35690.19,0.0,0.0,0.0
2021-02-14,Rice,28.55,31.57,52.41,6411.31,134.34,74971.54,0.5,0.0,0.0
2021-02-14,Barley,35.24,6.74,11.69,3911.20,106.62,29796.41,1.0,0.0,1.0
2021-02-15,Wheat,24.82,2.36,58.12,4495.40,126.08,55492.76,1.0,0.0,0.0
2021-02-15,Corn,27.94,35.27,27.82,9325.72,50.00,98238.34,0.5,0.0,0.0
2021-02-15,Soybeans,31.27,14.79,67.95,2950.35,281.44,34538.37,1.0,0.0,0.5
2021-02-15,Rice,28.46,16.12,47.41,6696.19,88.20,69582.70,1.0,0.0,0.0
2021-02-15,Barley,38.03,26.25,39.96,4140.60,116.79,33989.44,1.0,0.0,1.0
2021-02-16,Wheat,34.24,22.45,82.36,4477.99,152.89,61453.25,1.0,0.0,0.5
2021-02-16,Corn,37.36,53.19,50.48,9381.73,50.00,96012.03,0.0,0.0,1.0
2021-02-16,Soybeans,40.92,31.81,44.52,3032.38,251.76,34569.57,0.5,0.0,1.0
2021-02-16,Rice,36.86,19.91,34.30,6487.21,146.66,74463.50,1.0,0.0,1.0
2021-02-16,Barley,35.83,18.41,28.67,4138.81,122.49,29925.66,1.0,0.0,1.0
2021-02-17,Wheat,37.67,38.49,56.84,4970.90,112.86,62886.94,0.5,0.0,1.0
2021-02-17,Corn,31.32,34.18,72.93,9647.73,50.00,99795.02,0.5,0.0,0.5
2021-02-17,Soybeans,29.21,17.56,34.33,2405.56,344.90,34412.34,1.0,0.0,0.0
2021-02-17,Rice,29.92,26.00,54.61,6587.45,136.65,72071.35,1.0,0.0,0.0
2021-02-17,Barley,30.20,34.39,46.27,4223.55,136.90,31985.38,0.5,0.0,0.5
2021-02-18,Wheat,34.52,48.14,52.72,4245.69,151.85,59901.87,0.5,0.0,0.5
2021-02-18,Corn,28.56,39.34,68.57,9511.41,50.00,101331.76,0.5,0.0,0.0
2021-02-18,Soybeans,32.41,69.57,58.48,2703.48,306.93,37485.07,0.0,0.0,0.5
2021-02-18,Rice,37.65,40.64,47.92,6252.57,126.98,71744.46,0.5,0.0,1.0
2021-02-18,Barley,28.30,39.37,75.05,4115.94,105.53,31491.50,0.5,0.0,0.0
2021-02-19,Wheat,37.36,21.79,47.99,4460.04,122.80,62671.15,1.0,0.0,1.0
2021-02-19,Corn,30.77,37.23,36.69,9278.10,50.00,97453.67,0.5,0.0,0.5
2021-02-19,Soybeans,40.01,24.94,53.37,3203.35,243.50,33303.13,1.0,0.0,1.0
2021-02-19,Rice,23.75,49.88,41.72,6857.47,98.70,74018.61,0.5,0.0,0.0
2021-02-19,Barley,39.09,61.03,80.92,4459.19,142.38,31872.35,0.0,0.0,1.0
2021-02-20,Wheat,35.43,23.07,37.73,4388.43,136.89,60634.77,1.0,0.0,1.0
2021-02-20,Corn,35.02,45.67,51.33,9793.70,50.00,98078.64,0.5,0.0,1.0
2021-02-20,Soybeans,27.96,3.34,48.76,2805.70,318.04,38186.36,1.0,0.0,0.0
2021-02-20,Rice,26.42,59.15,68.32,6640.50,113.05,71930.59,0.0,0.0,0.0
2021-02-20,Barley,29.68,47.67,78.27,4392.13,113.60,28531.38,0.5,0.0,0.0
2021-02-21,Wheat,32.41,5.22,54.85,4379.24,131.20,58515.03,1.0,0.0,0.5
2021-02-21,Corn,34.27,23.76,32.45,8778.04,50.00,102271.60,1.0,0.0,0.5
2021-02-21,Soybeans,40.01,24.89,40.97,3048.47,258.09,37626.25,1.0,0.0,1.0
2021-02-21,Rice,35.53,50.15,48.50,6457.40,106.43,72391.56,0.0,0.0,1.0
2021-02-21,Barley,30.57,37.26,63.70,3838.12,165.42,30309.97,0.5,0.0,0.5
2021-02-22,Wheat,31.76,20.95,13.64,4404.46,154.63,61301.53,1.0,0.0,0.5
2021-02-22,Corn,32.20,39.90,26.56,9228.78,50.00,96474.12,0.5,0.0,0.5
2021-02-22,Soybeans,33.33,11.81,57.00,2934.79,250.31,39447.99,1.0,0.0,0.5
2021-02-22,Rice,28.19,20.00,53.01,6616.69,98.10,74360.38,1.0,0.0,0.0
2021-02-22,Barley,34.01,42.55,52.65,3915.02,117.32,31104.38,0.5,0.0,0.5
2021-02-23,Wheat,26.66,0.00,56.55,4530.13,89.49,60000.95,1.0,0.0,0.0
2021-02-23,Corn,35.12,63.44,50.31,9384.00,50.00,101982.42,0.0,0.0,1.0
2021-02-23,Soybeans,28.79,20.59,42.76,2652.21,296.36,40461.61,1.0,0.0,0.0
2021-02-23,Rice,33.64,28.79,45.62,6109.42,153.83,74268.83,1.0,0.0,0.5
2021-02-23,Barley,31.12,80.47,54.48,3894.17,125.80,33307.10,0.0,0.0,0.5
2021-02-24,Wheat,32.74,11.42,63.79,4335.56,179.08,64333.18,1.0,0.0,0.5
2021-02-24,Corn,29.94,52.21,51.02,9629.44,50.00,97784.22,0.0,0.0,0.0
2021-02-24,Soybeans,28.96,48.45,44.98,2830.61,267.67,38151.05,0.5,0.0,0.0
2021-02-24,Rice,42.49,16.99,50.36,6793.09,110.65,75512.45,1.0,0.0,1.0
2021-02-24,Barley,26.86,39.42,47.19,4080.57,153.98,36265.67,0.5,0.0,0.0
2021-02-25,Wheat,35.22,38.31,52.92,4422.78,146.20,61731.35,0.5,0.0,1.0
2021-02-25,Corn,33.16,53.19,34.90,9640.51,50.00,99479.30,0.0,0.0,0.5
2021-02-25,Soybeans,21.71,24.31,69.45,2908.45,263.68,36383.74,1.0,0.0,0.0
2021-02-25,Rice,36.53,41.63,46.42,6407.22,117.91,72941.76,0.5,0.0,1.0
2021-02-25,Barley,40.40,28.59,68.26,4406.72,143.02,30297.83,1.0,0.0,1.0
2021-02-26,Wheat,34.49,33.50,36.44,4458.95,114.95,64842.92,0.5,0.0,0.5
2021-02-26,Corn,30.14,36.88,54.25,9394.66,50.00,98998.29,0.5,0.0,0.5
2021-02-26,Soybeans,36.82,13.67,51.90,3342.85,246.28,36125.05,1.0,0.0,1.0
2021-02-26,Rice,35.04,36.55,55.26,6597.61,131.78,77180.47,0.5,0.0,1.0
2021-02-26,Barley,34.52,30.24,60.09,4386.07,120.85,29284.72,0.5,0.0,0.5
2021-02-27,Wheat,38.14,32.49,17.41,4502.96,126.72,62428.21,0.5,0.0,1.0
2021-02-27,Corn,34.27,37.16,60.64,9433.11,50.00,99655.75,0.5,0.0,0.5
2021-02-27,Soybeans,36.30,43.53,35.97,3147.13,263.40,39181.68,0.5,0.0,1.0
2021-02-27,Rice,34.45,61.87,46.65,6431.57,124.51,74524.77,0.0,0.0,0.5
2021-02-27,Barley,36.61,10.05,34.19,3643.61,158.85,34725.86,1.0,0.0,1.0
2021-02-28,Wheat,32.23,32.21,51.05,4674.29,114.60,63223.99,0.5,0.0,0.5
2021-02-28,Corn,37.62,42.26,52.84,9725.17,50.00,101751.36,0.5,0.0,1.0
2021-02-28,Soybeans,29.48,7.28,57.67,3172.40,270.35,39554.10,1.0,0.0,0.0
2021-02-28,Rice,40.81,54.46,74.60,6838.44,112.16,72092.78,0.0,0.0,1.0
2021-02-28,Barley,31.52,22.09,82.56,4037.00,133.65,32476.60,1.0,0.0,0.5
2021-03-01,Wheat,33.10,60.61,40.66,4494.44,122.79,60241.41,0.0,0.0,0.5
2021-03-01,Corn,29.82,34.63,43.56,9246.81,50.00,100444.12,0.5,0.0,0.0
2021-03-01,Soybeans,25.36,46.59,51.24,2611.43,289.36,36224.56,0.5,0.0,0.0
2021-03-01,Rice,34.48,55.29,21.87,6387.73,123.23,76800.43,0.0,0.0,0.5
2021-03-01,Barley,33.95,23.91,45.21,3754.15,158.93,31483.35,1.0,0.0,0.5
2021-03-02,Wheat,42.52,34.73,39.37,4188.76,109.22,59843.57,0.5,0.0,1.0
2021-03-02,Corn,34.35,43.27,26.28,9540.43,50.00,101112.54,0.5,0.0,0.5
2021-03-02,Soybeans,41.07,49.09,45.97,2860.53,242.54,36368.80,0.5,0.0,1.0
2021-03-02,Rice,31.96,20.83,48.03,6416.75,120.92,74314.21,1.0,0.0,0.5
2021-03-02,Barley,33.86,42.27,33.64,4173.49,126.21,31543.62,0.5,0.0,0.5
2021-03-03,Wheat,36.68,39.59,64.30,4624.89,122.13,63861.38,0.5,0.0,1.0
2021-03-03,Corn,27.42,37.72,49.50,9355.53,50.00,97257.70,0.5,0.0,0.0
2021-03-03,Soybeans,30.39,37.49,52.40,2735.37,315.90,36150.68,0.5,0.0,0.5
2021-03-03,Rice,37.99,42.50,40.31,6821.45,87.38,77604.36,0.5,0.0,1.0
2021-03-03,Barley,38.14,26.03,70.89,4037.91,136.94,32089.83,1.0,0.0,1.0
2021-03-04,Wheat,32.59,48.72,61.90,4183.13,171.51,59936.03,0.5,0.0,0.5
2021-03-04,Corn,38.42,53.45,33.64,9377.16,50.00,100787.78,0.0,0.0,1.0
2021-03-04,Soybeans,31.72,48.25,69.65,3341.11,255.11,37538.16,0.5,0.0,0.5
2021-03-04,Rice,24.84,24.47,64.47,6742.85,89.31,74728.29,1.0,0.0,0.0
2021-03-04,Barley,33.13,40.76,37.86,3986.89,122.81,31601.60,0.5,0.0,0.5
2021-03-05,Wheat,36.11,37.11,43.45,4430.69,137.47,62639.70,0.5,0.0,1.0
2021-03-05,Corn,32.09,61.00,58.41,9475.82,50.00,100739.91,0.0,0.0,0.5
2021-03-05,Soybeans,39.25,42.56,48.39,3109.07,244.22,35774.30,0.5,0.0,1.0
2021-03-05,Rice,27.41,39.16,75.99,6978.62,118.51,77057.35,0.5,0.0,0.0
2021-03-05,Barley,24.37,28.88,38.18,3668.24,135.94,30745.68,1.0,0.0,0.0
2021-03-06,Wheat,23.60,48.70,33.91,4350.78,182.71,61655.69,0.5,0.0,0.0
2021-03-06,Corn,20.84,33.19,66.51,9799.06,50.00,102584.54,0.5,0.0,0.0
2021-03-06,Soybeans,31.17,35.89,89.67,2831.20,291.83,39032.06,0.5,0.0,0.5
2021-03-06,Rice,38.92,38.95,54.62,6461.92,129.22,75506.97,0.5,0.0,1.0
2021-03-06,Barley,36.60,31.94,55.66,4002.33,154.47,31644.44,0.5,0.0,1.0
2021-03-07,Wheat,24.74,56.88,36.41,4212.49,132.77,66354.08,0.0,0.0,0.0
2021-03-07,Corn,22.93,85.02,65.84,9573.16,50.00,102339.44,0.0,0.0,0.0
2021-03-07,Soybeans,36.21,47.63,58.33,3066.96,273.37,37860.58,0.5,0.0,1.0
2021-03-07,Rice,32.63,54.96,58.90,5942.67,155.12,76715.72,0.0,0.0,0.5
2021-03-07,Barley,33.51,32.13,66.86,4223.19,111.63,32616.71,0.5,0.0,0.5
2021-03-08,Wheat,28.85,17.74,40.60,4499.48,156.58,64738.09,1.0,0.0,0.0
2021-03-08,Corn,37.34,46.17,40.38,9553.99,50.00,103447.65,0.5,0.0,1.0
2021-03-08,Soybeans,39.66,49.05,55.27,3285.06,268.07,36463.40,0.5,0.0,1.0
2021-03-08,Rice,32.90,27.26,39.87,6353.94,111.76,75838.38,1.0,0.0,0.5
2021-03-08,Barley,24.24,41.63,50.02,3712.37,151.51,33731.10,0.5,0.0,0.0
2021-03-09,Wheat,25.78,27.47,38.46,4117.04,163.66,63426.92,1.0,0.0,0.0
2021-03-09,Corn,32.49,8.85,59.53,9192.43,50.00,102658.06,1.0,0.0,0.5
2021-03-09,Soybeans,40.62,19.28,4.71,2805.04,323.81,40766.63,1.0,0.0,1.0
2021-03-09,Rice,34.86,31.53,62.11,6327.52,138.06,77588.42,0.5,0.0,0.5
2021-03-09,Barley,39.12,80.30,55.89,4029.40,130.84,28369.13,0.0,0.0,1.0
2021-03-10,Wheat,30.44,33.25,42.14,4412.06,123.25,66155.19,0.5,0.0,0.5
2021-03-10,Corn,33.91,39.25,45.08,9474.09,50.00,100526.74,0.5,0.0,0.5
2021-03-10,Soybeans,30.62,34.83,29.81,2661.10,284.03,40096.65,0.5,0.0,0.5
2021-03-10,Rice,35.23,42.29,62.76,6523.19,129.50,76489.31,0.5,0.0,1.0
2021-03-10,Barley,35.24,30.65,13.42,3753.93,165.87,33808.99,0.5,0.0,1.0
2021-03-11,Wheat,38.83,58.42,51.33,4601.29,122.61,63375.41,0.0,0.0,1.0
2021-03-11,Corn,37.09,57.93,47.91,9436.23,50.00,103614.51,0.0,0.0,1.0
2021-03-11,Soybeans,26.79,5.43,41.74,2543.31,288.10,38108.97,1.0,0.0,0.0
2021-03-11,Rice,31.74,61.66,54.90,6575.34,132.31,74531.40,0.0,0.0,0.5
2021-03-11,Barley,39.20,38.74,60.06,3855.42,104.11,33639.56,0.5,0.0,1.0
2021-03-12,Wheat,35.98,26.83,36.96,4623.32,110.63,67383.19,1.0,0.0,1.0
2021-03-12,Corn,29.59,49.94,45.07,9541.81,50.00,102230.96,0.5,0.0,0.0
2021-03-12,Soybeans,34.30,25.33,61.11,2896.60,279.56,36470.01,1.0,0.0,0.5
2021-03-12,Rice,21.29,37.50,86.19,6675.72,115.96,76391.63,0.5,0.0,0.0
2021-03-12,Barley,34.21,48.57,32.29,4123.54,143.59,33485.29,0.5,0.0,0.5
2021-03-13,Wheat,36.38,41.15,60.09,4664.88,126.30,63036.74,0.5,0.0,1.0
2021-03-13,Corn,34.69,64.09,31.41,9138.67,50.00,102796.09,0.0,0.0,0.5
2021-03-13,Soybeans,35.05,44.51,46.65,3270.76,237.15,36853.37,0.5,0.0,1.0
2021-03-13,Rice,33.67,16.20,47.36,6738.19,114.58,77482.14,1.0,0.0,0.5
2021-03-13,Barley,27.88,31.61,44.37,3800.36,162.02,33207.36,0.5,0.0,0.0
2021-03-14,Wheat,28.71,45.04,57.47,4692.57,164.30,62235.66,0.5,0.0,0.0
2021-03-14,Corn,30.21,22.48,46.49,9472.80,50.00,102673.45,1.0,0.0,0.5
2021-03-14,Soybeans,32.67,43.62,37.47,3319.18,235.08,38928.99,0.5,0.0,0.5
2021-03-14,Rice,44.38,41.45,47.15,6490.99,119.21,79864.71,0.5,0.0,1.0
2021-03-14,Barley,23.21,64.35,28.64,3750.63,128.90,33310.03,0.0,0.0,0.0
2021-03-15,Wheat,26.35,48.77,80.36,4290.27,146.54,63019.56,0.5,0.0,0.0
2021-03-15,Corn,36.47,42.13,40.38,9548.45,50.00,102567.83,0.5,0.0,1.0
2021-03-15,Soybeans,37.94,22.44,35.65,2997.06,309.80,39317.34,1.0,0.0,1.0
2021-03-15,Rice,32.78,41.83,31.24,6488.57,140.55,76308.05,0.5,0.0,0.5
2021-03-15,Barley,31.99,45.83,43.45,3915.61,175.85,31677.71,0.5,0.0,0.5
2021-03-16,Wheat,32.63,32.63,61.16,4461.07,125.49,67059.55,0.5,0.0,0.5
2021-03-16,Corn,41.51,33.33,22.00,9593.33,50.00,104648.37,0.5,0.0,1.0
2021-03-16,Soybeans,24.57,55.73,31.83,2962.44,281.79,36742.29,0.0,0.0,0.0
2021-03-16,Rice,32.38,52.63,51.59,6603.91,158.39,74171.85,0.0,0.0,0.5
2021-03-16,Barley,42.50,43.90,36.52,3729.37,134.17,34051.77,0.5,0.0,1.0
2021-03-17,Wheat,33.85,65.51,28.23,4408.24,114.75,65213.36,0.0,0.0,0.5
2021-03-17,Corn,38.92,36.53,10.94,9356.74,50.00,103986.35,0.5,0.0,1.0
2021-03-17,Soybeans,40.67,26.77,60.20,3299.72,232.44,39330.96,1.0,0.0,1.0
2021-03-17,Rice,31.97,41.62,55.22,6381.52,113.13,77451.62,0.5,0.0,0.5
2021-03-17,Barley,29.05,26.55,60.19,3714.80,151.60,33168.23,1.0,0.0,0.0
2021-03-18,Wheat,25.92,33.18,67.91,4268.90,133.99,65475.08,0.5,0.0,0.0
2021-03-18,Corn,38.47,39.57,41.04,9753.48,50.00,105239.25,0.5,0.0,1.0
2021-03-18,Soybeans,34.98,31.22,37.54,3004.43,288.19,41533.77,0.5,0.0,0.5
2021-03-18,Rice,37.80,20.80,65.78,6348.91,120.11,77961.55,1.0,0.0,1.0
2021-03-18,Barley,44.53,89.99,59.10,4184.14,138.64,34050.79,0.0,0.0,1.0
2021-03-19,Wheat,33.01,70.78,53.45,4638.44,147.36,65454.68,0.0,0.0,0.5
2021-03-19,Corn,38.81,34.59,41.63,9245.33,50.00,104936.28,0.5,0.0,1.0
2021-03-19,Soybeans,36.90,68.96,49.92,3190.26,250.56,37992.70,0.0,0.0,1.0
2021-03-19,Rice,38.09,56.58,45.59,6507.69,91.87,76819.75,0.0,0.0,1.0
2021-03-19,Barley,39.06,52.47,57.51,4093.09,130.09,30985.11,0.0,0.0,1.0
2021-03-20,Wheat,38.16,50.67,57.38,4464.65,95.32,66862.03,0.0,0.0,1.0
2021-03-20,Corn,32.27,31.41,60.40,9409.17,50.00,104702.37,0.5,0.0,0.5
2021-03-20,Soybeans,38.09,23.86,68.18,3121.73,267.75,39087.41,1.0,0.0,1.0
2021-03-20,Rice,25.79,50.48,34.56,6061.09,107.41,79826.65,0.0,0.0,0.0
2021-03-20,Barley,31.52,67.36,41.96,3618.28,118.07,34805.49,0.0,0.0,0.5
2021-03-21,Wheat,33.94,36.64,52.40,4575.03,157.97,67616.60,0.5,0.0,0.5
2021-03-21,Corn,32.92,24.97,43.80,9450.19,50.00,101637.05,1.0,0.0,0.5
2021-03-21,Soybeans,36.44,44.13,50.49,2853.41,281.26,36983.29,0.5,0.0,1.0
2021-03-21,Rice,39.17,60.39,22.31,6238.12,101.74,76363.47,0.0,0.0,1.0
2021-03-21,Barley,34.30,23.12,36.17,3669.33,143.42,32498.49,1.0,0.0,0.5
2021-03-22,Wheat,31.16,48.02,41.80,4362.30,174.41,67448.03,0.5,0.0,0.5
2021-03-22,Corn,28.27,57.82,62.17,9279.53,50.00,106703.24,0.0,0.0,0.0
2021-03-22,Soybeans,29.15,31.61,65.26,3035.38,289.61,39541.44,0.5,0.0,0.0
2021-03-22,Rice,36.72,25.47,65.71,6780.62,108.09,77633.57,1.0,0.0,1.0
2021-03-22,Barley,27.11,53.08,58.58,3957.75,155.42,31715.40,0.0,0.0,0.0
2021-03-23,Wheat,37.63,30.59,49.65,4450.87,143.23,64071.19,0.5,0.0,1.0
2021-03-23,Corn,34.15,58.27,43.45,9154.00,51.91,106459.29,0.0,0.0,0.5
2021-03-23,Soybeans,28.35,56.23,42.46,2960.92,287.45,38417.33,0.0,0.0,0.0
2021-03-23,Rice,30.89,35.52,36.26,6194.88,131.84,76340.77,0.5,0.0,0.5
2021-03-23,Barley,38.22,68.19,41.30,4072.96,140.39,33349.13,0.0,0.0,1.0
2021-03-24,Wheat,35.23,57.53,57.23,4305.99,159.73,66623.57,0.0,0.0,1.0
2021-03-24,Corn,31.03,46.96,60.25,9463.64,50.00,108486.12,0.5,0.0,0.5
2021-03-24,Soybeans,30.92,25.68,54.56,3077.65,272.28,41815.91,1.0,0.0,0.5
2021-03-24,Rice,28.16,56.79,40.91,6743.57,153.83,76285.47,0.0,0.0,0.0
2021-03-24,Barley,32.10,59.29,44.19,3951.47,133.58,28585.15,0.0,0.0,0.5
2021-03-25,Wheat,34.81,36.56,42.60,4723.01,106.79,66509.74,0.5,0.0,0.5
2021-03-25,Corn,33.49,42.71,61.86,9597.59,50.00,105749.70,0.5,0.0,0.5
2021-03-25,Soybeans,33.23,37.72,33.72,2711.25,350.53,41419.36,0.5,0.0,0.5
2021-03-25,Rice,28.13,27.07,57.23,6531.01,132.39,77350.09,1.0,0.0,0.0
2021-03-25,Barley,34.26,51.83,51.29,3558.79,137.11,30738.85,0.0,0.0,0.5
2021-03-26,Wheat,35.79,92.20,55.51,4557.15,154.51,65878.64,0.0,0.0,1.0
2021-03-26,Corn,37.01,56.52,80.85,9461.25,50.00,102008.47,0.0,0.0,1.0
2021-03-26,Soybeans,37.69,33.64,43.74,2903.87,303.36,40784.87,0.5,0.0,1.0
2021-03-26,Rice,28.68,48.25,39.36,6128.42,131.17,77278.96,0.5,0.0,0.0
2021-03-26,Barley,47.05,53.92,29.34,3912.02,154.36,36633.52,0.0,0.0,1.0
2021-03-27,Wheat,27.01,19.74,78.06,4577.81,118.19,66008.04,1.0,0.0,0.0
2021-03-27,Corn,21.76,47.99,54.92,9573.01,50.00,104073.43,0.5,0.0,0.0
2021-03-27,Soybeans,30.31,51.77,36.57,2807.88,267.77,40265.54,0.0,0.0,0.5
2021-03-27,Rice,39.23,44.42,50.57,6244.29,125.46,77826.13,0.5,0.0,1.0
2021-03-27,Barley,48.04,31.26,71.96,4402.13,128.77,35986.63,0.5,0.0,1.0
2021-03-28,Wheat,36.82,54.29,49.20,4767.51,152.74,63708.52,0.0,0.0,1.0
2021-03-28,Corn,28.36,45.41,38.00,9351.74,50.00,103021.20,0.5,0.0,0.0
2021-03-28,Soybeans,34.75,49.32,62.73,2610.36,283.45,39398.49,0.5,0.0,0.5
2021-03-28,Rice,40.96,41.07,21.85,6524.95,108.92,75572.52,0.5,0.0,1.0
2021-03-28,Barley,31.84,45.68,40.93,3473.28,161.53,35029.69,0.5,0.0,0.5
2021-03-29,Wheat,38.23,31.90,46.98,4479.73,149.98,66313.21,0.5,0.0,1.0
2021-03-29,Corn,31.31,50.20,56.86,9788.91,50.00,105540.56,0.0,0.0,0.5
2021-03-29,Soybeans,35.40,70.12,56.15,2902.72,311.96,40381.73,0.0,0.0,1.0
2021-03-29,Rice,32.76,41.77,54.45,6576.04,123.78,78594.45,0.5,0.0,0.5
2021-03-29,Barley,43.48,65.04,52.86,4317.40,104.37,33284.12,0.0,0.0,1.0
2021-03-30,Wheat,44.04,46.21,37.29,4388.79,118.49,63419.23,0.5,0.0,1.0
2021-03-30,Corn,33.14,28.40,50.23,9619.79,50.00,107020.57,1.0,0.0,0.5
2021-03-30,Soybeans,37.54,64.94,40.13,3176.88,251.09,40773.75,0.0,0.0,1.0
2021-03-30,Rice,35.85,57.78,32.37,6256.86,142.95,76089.80,0.0,0.0,1.0
2021-03-30,Barley,37.30,28.98,62.72,3798.11,147.49,33745.64,1.0,0.0,1.0
2021-03-31,Wheat,31.51,58.73,53.91,4394.35,119.97,61071.28,0.0,0.0,0.5
2021-03-31,Corn,36.74,26.53,51.43,9424.96,50.00,103390.35,1.0,0.0,1.0
2021-03-31,Soybeans,33.35,60.98,55.03,3093.81,285.63,35926.77,0.0,0.0,0.5
2021-03-31,Rice,38.78,59.19,34.75,6431.11,124.12,77726.84,0.0,0.0,1.0
2021-03-31,Barley,36.67,71.47,66.23,3878.29,147.12,35156.13,0.0,0.0,1.0
2021-04-01,Wheat,36.93,66.88,80.18,4908.76,132.27,67090.04,0.0,0.0,1.0
2021-04-01,Corn,35.72,50.87,44.73,9795.32,50.00,107064.51,0.0,0.0,1.0
2021-04-01,Soybeans,37.50,29.53,55.51,2591.61,308.85,40770.38,1.0,0.0,1.0
2021-04-01,Rice,32.04,52.37,79.31,6520.53,100.60,80963.16,0.0,0.0,0.5
2021-04-01,Barley,44.81,50.57,65.17,4443.43,107.39,31529.32,0.0,0.0,1.0
2021-04-02,Wheat,41.15,76.31,58.44,4480.40,177.73,63936.81,0.0,0.0,1.0
2021-04-02,Corn,33.32,56.17,73.31,9782.92,50.00,104924.58,0.0,0.0,0.5
2021-04-02,Soybeans,35.22,59.40,12.06,2771.93,293.95,36697.22,0.0,0.0,1.0
2021-04-02,Rice,36.93,47.97,76.33,6961.50,97.03,77696.82,0.5,0.0,1.0
2021-04-02,Barley,34.63,44.26,52.93,3847.78,112.74,33744.80,0.5,0.0,0.5
2021-04-03,Wheat,38.14,39.48,63.43,4451.21,143.78,66633.88,0.5,0.0,1.0
2021-04-03,Corn,34.83,58.37,42.25,9436.97,50.00,102495.95,0.0,0.0,0.5
2021-04-03,Soybeans,34.11,28.32,42.63,2853.92,280.72,38512.92,1.0,0.0,0.5
2021-04-03,Rice,34.68,58.74,63.12,6449.96,100.19,75907.74,0.0,0.0,0.5
2021-04-03,Barley,32.56,46.27,38.45,3651.14,130.55,32859.45,0.5,0.0,0.5
2021-04-04,Wheat,37.96,43.70,43.81,4300.67,141.85,63286.34,0.5,0.0,1.0
2021-04-04,Corn,37.85,25.28,44.61,9512.29,50.00,109359.18,1.0,0.0,1.0
2021-04-04,Soybeans,36.73,37.00,48.57,2628.92,293.23,37323.81,0.5,0.0,1.0
2021-04-04,Rice,39.56,43.82,48.25,6397.37,160.87,77337.35,0.5,0.0,1.0
2021-04-04,Barley,44.15,64.28,57.23,4229.91,134.82,28636.25,0.0,0.0,1.0
2021-04-05,Wheat,33.57,65.26,49.27,4231.55,143.16,68376.97,0.0,0.0,0.5
2021-04-05,Corn,41.20,51.65,64.27,9563.39,50.00,102101.08,0.0,0.0,1.0
2021-04-05,Soybeans,42.78,48.47,46.35,2996.55,318.22,42233.17,0.5,0.0,1.0
2021-04-05,Rice,46.06,50.19,54.43,6329.86,157.99,75626.95,0.0,0.0,1.0
2021-04-05,Barley,36.05,36.12,41.17,3771.15,124.88,31406.13,0.5,0.0,1.0
2021-04-06,Wheat,32.21,65.59,33.43,4464.52,162.75,63923.49,0.0,0.0,0.5
2021-04-06,Corn,31.36,49.64,67.70,9590.17,50.00,104887.57,0.5,0.0,0.5
2021-04-06,Soybeans,29.44,63.31,56.13,2940.09,265.62,37196.57,0.0,0.0,0.0
2021-04-06,Rice,37.62,71.53,40.44,6613.17,76.80,76770.62,0.0,0.0,1.0
2021-04-06,Barley,34.79,39.45,35.95,3773.05,142.84,32100.28,0.5,0.0,0.5
2021-04-07,Wheat,23.74,21.80,40.90,4376.97,85.63,63927.12,1.0,0.0,0.0
2021-04-07,Corn,32.30,74.43,44.22,9569.54,50.00,99621.39,0.0,0.0,0.5
2021-04-07,Soybeans,38.77,56.84,57.62,3874.72,203.33,42405.34,0.0,0.0,1.0
2021-04-07,Rice,33.49,57.92,49.32,6412.47,114.17,78570.91,0.0,0.0,0.5
2021-04-07,Barley,27.34,64.86,43.76,3695.91,129.69,34977.59,0.0,0.0,0.0
2021-04-08,Wheat,32.22,59.50,39.04,4587.97,149.01,68596.07,0.0,0.0,0.5
2021-04-08,Corn,34.02,64.15,51.47,9785.04,50.00,105328.18,0.0,0.0,0.5
2021-04-08,Soybeans,33.93,53.16,51.38,3052.89,275.56,39368.74,0.0,0.0,0.5
2021-04-08,Rice,42.79,68.90,63.04,6589.77,101.57,79789.22,0.0,0.0,1.0
2021-04-08,Barley,39.28,76.21,40.94,4004.00,99.12,31664.48,0.0,0.0,1.0
2021-04-09,Wheat,39.85,47.63,59.61,4553.69,142.64,62571.33,0.5,0.0,1.0
2021-04-09,Corn,35.29,9.76,47.20,9082.34,50.00,105341.55,1.0,0.0,1.0
2021-04-09,Soybeans,37.20,77.44,35.77,3355.19,284.44,38446.92,0.0,0.0,1.0
2021-04-09,Rice,40.54,38.03,37.63,6347.96,117.24,75726.94,0.5,0.0,1.0
2021-04-09,Barley,40.98,50.75,55.29,3973.68,96.17,32973.47,0.0,0.0,1.0
2021-04-10,Wheat,25.27,54.11,29.48,4705.74,150.58,65041.67,0.0,0.0,0.0
2021-04-10,Corn,41.15,42.44,58.15,9627.10,50.00,106272.97,0.5,0.0,1.0
2021-04-10,Soybeans,38.49,59.47,25.18,2737.74,288.04,39084.84,0.0,0.0,1.0
2021-04-10,Rice,29.18,91.31,72.75,6758.57,114.89,77371.78,0.0,0.0,0.0
2021-04-10,Barley,30.07,56.30,53.87,3734.29,144.53,32104.56,0.0,0.0,0.5
2021-04-11,Wheat,25.25,42.74,43.80,4734.50,142.77,62118.26,0.5,0.0,0.0
2021-04-11,Corn,37.22,32.44,66.24,9474.05,50.00,106314.35,0.5,0.0,1.0
2021-04-11,Soybeans,28.35,34.69,41.25,3066.82,246.94,33209.22,0.5,0.0,0.0
2021-04-11,Rice,32.53,63.92,68.00,6500.57,114.25,80054.87,0.0,0.0,0.5
2021-04-11,Barley,25.44,49.82,52.86,4008.17,121.62,32463.49,0.5,0.0,0.0
2021-04-12,Wheat,22.30,46.28,56.80,4203.14,146.10,65637.64,0.5,0.0,0.0
2021-04-12,Corn,33.03,58.71,35.56,9384.20,50.00,103904.18,0.0,0.0,0.5
2021-04-12,Soybeans,31.81,59.52,60.72,2630.75,317.95,38173.83,0.0,0.0,0.5
2021-04-12,Rice,36.87,74.11,29.42,6322.17,122.95,76125.17,0.0,0.0,1.0
2021-04-12,Barley,43.42,43.30,41.67,4070.00,106.42,31580.59,0.5,0.0,1.0
2021-04-13,Wheat,36.28,51.66,48.60,4403.27,109.63,65337.39,0.0,0.0,1.0
2021-04-13,Corn,43.47,56.93,53.38,9754.00,50.00,106915.76,0.0,0.0,1.0
2021-04-13,Soybeans,35.71,81.14,39.00,3377.96,280.38,39922.60,0.0,0.0,1.0
2021-04-13,Rice,35.86,52.93,68.01,6632.61,78.52,75398.67,0.0,0.0,1.0
2021-04-13,Barley,33.76,61.31,49.15,4249.82,87.48,32634.28,0.0,0.0,0.5
2021-04-14,Wheat,25.55,68.56,48.58,4519.45,119.74,67199.09,0.0,0.0,0.0
2021-04-14,Corn,39.85,65.91,48.06,9686.57,50.00,105135.36,0.0,0.0,1.0
2021-04-14,Soybeans,42.89,73.22,39.06,3142.88,248.42,39928.88,0.0,0.0,1.0
2021-04-14,Rice,36.89,29.11,32.57,6333.40,122.31,75149.24,1.0,0.0,1.0
2021-04-14,Barley,36.59,60.93,47.09,3871.99,155.79,35630.89,0.0,0.0,1.0
2021-04-15,Wheat,32.16,48.48,57.37,4433.83,136.37,66061.08,0.5,0.0,0.5
2021-04-15,Corn,25.03,77.44,51.09,9378.37,50.00,103255.70,0.0,0.0,0.0
2021-04-15,Soybeans,25.93,80.08,50.62,3061.13,296.59,36706.74,0.0,0.0,0.0
2021-04-15,Rice,36.95,53.65,62.70,6164.85,132.25,76292.49,0.0,0.0,1.0
2021-04-15,Barley,36.74,64.71,39.39,3851.35,133.06,30497.60,0.0,0.0,1.0
2021-04-16,Wheat,38.73,52.62,6.40,4249.54,122.99,61256.52,0.0,0.0,1.0
2021-04-16,Corn,28.33,59.80,69.93,9615.20,50.00,104142.32,0.0,0.0,0.0
2021-04-16,Soybeans,32.22,47.74,32.68,2530.77,290.97,39027.55,0.5,0.0,0.5
2021-04-16,Rice,34.04,51.92,35.81,6544.92,94.59,78974.94,0.0,0.0,0.5
2021-04-16,Barley,29.51,46.87,28.00,3728.53,157.48,33290.79,0.5,0.0,0.0
2021-04-17,Wheat,39.34,66.49,33.44,4427.48,123.71,67113.21,0.0,0.0,1.0
2021-04-17,Corn,28.47,72.06,63.39,9911.70,50.00,104547.94,0.0,0.0,0.0
2021-04-17,Soybeans,45.86,49.39,26.97,2616.25,309.60,34904.93,0.5,0.0,1.0
2021-04-17,Rice,32.59,65.21,52.78,6605.31,123.26,79900.20,0.0,0.0,0.5
2021-04-17,Barley,29.69,48.50,38.41,4051.99,148.86,33128.48,0.5,0.0,0.0
2021-04-18,Wheat,40.30,41.48,75.01,4965.63,140.57,67944.37,0.5,0.0,1.0
2021-04-18,Corn,26.10,51.28,38.97,9502.69,50.00,104524.22,0.0,0.0,0.0
2021-04-18,Soybeans,41.23,69.58,54.26,2925.19,266.06,41127.70,0.0,0.0,1.0
2021-04-18,Rice,38.28,58.56,43.73,6113.40,114.61,81079.76,0.0,0.0,1.0
2021-04-18,Barley,27.98,61.99,65.11,3778.34,140.57,34066.21,0.0,0.0,0.0
2021-04-19,Wheat,34.37,102.66,24.97,4685.61,129.40,65849.06,0.0,0.0,0.5
2021-04-19,Corn,36.51,48.64,53.43,9157.99,50.00,103484.66,0.5,0.0,1.0
2021-04-19,Soybeans,37.50,75.51,55.51,3133.19,257.05,37158.69,0.0,0.0,1.0
2021-04-19,Rice,40.24,81.18,46.43,6606.10,100.69,79511.77,0.0,0.0,1.0
2021-04-19,Barley,37.63,88.76,36.83,3962.36,137.46,33445.59,0.0,0.0,1.0
2021-04-20,Wheat,33.15,47.03,63.22,4685.87,114.53,66936.31,0.5,0.0,0.5
2021-04-20,Corn,40.08,62.14,51.19,9691.83,50.00,102820.74,0.0,0.0,1.0
2021-04-20,Soybeans,23.46,73.27,26.58,3114.75,268.81,38111.92,0.0,0.0,0.0
2021-04-20,Rice,31.09,55.81,71.28,6081.31,162.69,77746.56,0.0,0.0,0.5
2021-04-20,Barley,28.19,44.00,75.15,3856.52,112.09,34387.34,0.5,0.0,0.0
2021-04-21,Wheat,35.83,46.54,53.25,4312.52,164.20,66264.16,0.5,0.0,1.0
2021-04-21,Corn,36.80,66.04,76.42,9682.11,50.00,103525.22,0.0,0.0,1.0
2021-04-21,Soybeans,44.57,45.39,44.58,3142.67,273.21,36520.24,0.5,0.0,1.0
2021-04-21,Rice,39.75,95.41,52.94,6472.23,92.49,77485.65,0.0,0.0,1.0
2021-04-21,Barley,39.66,67.74,49.96,3964.05,110.95,33740.21,0.0,0.0,1.0
2021-04-22,Wheat,38.62,37.91,73.85,4746.08,159.34,61368.96,0.5,0.0,1.0
2021-04-22,Corn,27.22,58.86,57.54,9836.94,50.00,101999.79,0.0,0.0,0.0
2021-04-22,Soybeans,28.92,79.54,35.53,3251.64,264.25,41613.10,0.0,0.0,0.0
2021-04-22,Rice,37.45,59.04,42.21,6435.42,133.33,77018.18,0.0,0.0,1.0
2021-04-22,Barley,31.08,58.61,51.18,3558.20,150.88,30067.17,0.0,0.0,0.5
2021-04-23,Wheat,28.19,36.26,23.09,3998.83,135.85,67867.38,0.5,0.0,0.0
2021-04-23,Corn,31.33,64.24,56.01,9548.04,50.00,99946.79,0.0,0.0,0.5
2021-04-23,Soybeans,41.22,88.68,24.76,2808.51,282.06,36447.44,0.0,0.0,1.0
2021-04-23,Rice,36.49,50.65,82.48,6916.69,112.17,78807.00,0.0,0.0,1.0
2021-04-23,Barley,39.49,53.11,37.76,4005.54,149.11,32258.55,0.0,0.0,1.0
2021-04-24,Wheat,25.98,50.00,48.89,4389.12,179.72,61092.38,0.0,0.0,0.0
2021-04-24,Corn,36.39,84.38,84.07,9672.16,50.00,103322.50,0.0,0.0,1.0
2021-04-24,Soybeans,34.84,60.56,56.54,2545.79,311.81,38570.97,0.0,0.0,0.5
2021-04-24,Rice,32.75,92.75,39.88,6431.78,164.72,74973.11,0.0,0.0,0.5
2021-04-24,Barley,31.11,59.84,62.61,4085.43,104.27,30867.84,0.0,0.0,0.5
2021-04-25,Wheat,30.73,61.36,56.39,4595.56,99.59,65891.64,0.0,0.0,0.5
2021-04-25,Corn,35.03,83.28,56.66,9820.41,50.00,104714.46,0.0,0.0,1.0
2021-04-25,Soybeans,36.38,61.05,84.09,3384.08,276.11,35705.64,0.0,0.0,1.0
2021-04-25,Rice,27.32,66.91,52.18,6345.12,130.74,79693.76,0.0,0.0,0.0
2021-04-25,Barley,37.24,45.40,48.33,3843.85,127.68,31054.65,0.5,0.0,1.0
2021-04-26,Wheat,31.27,44.16,48.09,4329.33,83.18,67765.01,0.5,0.0,0.5
2021-04-26,Corn,39.10,57.34,50.28,9322.79,50.00,105649.09,0.0,0.0,1.0
2021-04-26,Soybeans,34.44,78.34,52.63,2796.90,279.89,38459.30,0.0,0.0,0.5
2021-04-26,Rice,31.39,59.70,48.63,6460.24,124.94,74269.67,0.0,0.0,0.5
2021-04-26,Barley,30.07,43.71,64.67,3590.38,164.08,34602.23,0.5,0.0,0.5
2021-04-27,Wheat,32.04,24.40,44.58,4379.26,120.31,62519.90,1.0,0.0,0.5
2021-04-27,Corn,41.20,73.42,36.13,9219.99,50.00,101253.63,0.0,0.0,1.0
2021-04-27,Soybeans,36.03,55.42,57.67,3446.54,278.45,38034.03,0.0,0.0,1.0
2021-04-27,Rice,32.63,58.10,67.71,6455.62,124.96,76362.80,0.0,0.0,0.5
2021-04-27,Barley,31.04,42.86,54.84,3958.16,142.93,30707.97,0.5,0.0,0.5
2021-04-28,Wheat,39.54,50.75,75.68,4325.80,150.55,64388.45,0.0,0.0,1.0
2021-04-28,Corn,29.46,70.27,69.19,9137.74,50.00,96513.60,0.0,0.0,0.0
2021-04-28,Soybeans,28.61,88.34,41.27,2734.37,286.67,42198.37,0.0,0.0,0.0
2021-04-28,Rice,24.28,48.14,72.46,6872.91,107.38,73647.00,0.5,0.0,0.0
2021-04-28,Barley,43.92,87.82,60.18,4053.25,129.85,31398.07,0.0,0.0,1.0
2021-04-29,Wheat,34.98,86.13,63.19,4422.49,166.97,63947.12,0.0,0.0,0.5
2021-04-29,Corn,36.76,86.36,33.33,9499.75,50.00,98177.66,0.0,0.0,1.0
2021-04-29,Soybeans,35.05,102.04,22.40,2960.15,294.40,38238.67,0.0,0.0,1.0
2021-04-29,Rice,32.76,44.87,53.49,6333.41,84.53,78374.22,0.5,0.0,0.5
2021-04-29,Barley,38.11,65.14,53.44,4293.45,130.03,33468.47,0.0,0.0,1.0
2021-04-30,Wheat,31.71,84.49,54.81,4598.98,109.62,63774.09,0.0,0.0,0.5
2021-04-30,Corn,29.04,55.24,37.77,9176.48,58.97,103782.97,0.0,0.0,0.0
2021-04-30,Soybeans,42.80,46.47,51.07,2817.60,273.38,36083.86,0.5,0.0,1.0
2021-04-30,Rice,39.40,58.87,66.03,6762.67,159.38,72881.33,0.0,0.0,1.0
2021-04-30,Barley,39.50,82.01,35.40,4237.41,133.50,31145.14,0.0,0.0,1.0
2021-05-01,Wheat,28.96,54.47,80.75,4602.38,150.58,61493.80,0.0,0.0,0.0
2021-05-01,Corn,29.18,81.49,29.76,9320.48,50.00,101143.70,0.0,0.0,0.0
2021-05-01,Soybeans,32.18,71.20,60.39,3213.09,251.76,37277.05,0.0,0.0,0.5
2021-05-01,Rice,39.05,78.68,29.41,6565.19,80.65,75784.58,0.0,0.0,1.0
2021-05-01,Barley,42.56,51.04,37.49,4167.96,97.45,30272.29,0.0,0.0,1.0
2021-05-02,Wheat,35.93,56.19,46.46,4652.81,142.11,63480.77,0.0,0.0,1.0
2021-05-02,Corn,31.25,71.25,48.14,9587.30,50.00,100350.27,0.0,0.0,0.5
2021-05-02,Soybeans,28.00,65.18,37.83,2676.69,298.11,38193.76,0.0,0.0,0.0
2021-05-02,Rice,36.86,59.24,56.12,6677.85,125.17,73885.25,0.0,0.0,1.0
2021-05-02,Barley,33.69,71.16,50.11,3612.51,143.73,35898.63,0.0,0.0,0.5
2021-05-03,Wheat,31.01,55.22,55.60,4561.06,159.83,60299.10,0.0,0.0,0.5
2021-05-03,Corn,36.47,75.00,47.87,9621.79,50.00,102248.36,0.0,0.0,1.0
2021-05-03,Soybeans,27.10,78.44,49.03,2987.61,281.96,37388.41,0.0,0.0,0.0
2021-05-03,Rice,38.77,64.88,33.21,6404.83,129.40,77836.23,0.0,0.0,1.0
2021-05-03,Barley,35.83,53.38,87.28,4254.41,151.91,31103.99,0.0,0.0,1.0
2021-05-04,Wheat,35.35,79.17,68.27,4864.62,145.83,62048.56,0.0,0.0,1.0
2021-05-04,Corn,29.82,71.56,64.00,9516.76,50.00,103191.21,0.0,0.0,0.0
2021-05-04,Soybeans,28.10,54.02,47.89,2990.00,269.91,40311.65,0.0,0.0,0.0
2021-05-04,Rice,34.80,67.16,28.46,6161.46,139.97,70949.29,0.0,0.0,0.5
2021-05-04,Barley,37.74,64.20,98.65,4760.64,111.64,31126.69,0.0,0.0,1.0
2021-05-05,Wheat,37.52,92.55,25.43,4130.14,134.31,63704.36,0.0,0.0,1.0
2021-05-05,Corn,35.02,83.05,32.00,9013.12,50.00,98405.82,0.0,0.0,1.0
2021-05-05,Soybeans,22.45,69.18,61.90,2947.90,272.93,37204.60,0.0,0.0,0.0
2021-05-05,Rice,30.69,46.78,39.28,6501.08,128.90,75382.78,0.5,0.0,0.5
2021-05-05,Barley,27.56,64.28,17.34,3826.60,164.39,28321.18,0.0,0.0,0.0
2021-05-06,Wheat,29.47,72.36,68.79,4493.70,123.81,58457.47,0.0,0.0,0.0
2021-05-06,Corn,32.91,98.06,54.16,9591.58,50.00,99810.32,0.0,0.0,0.5
2021-05-06,Soybeans,28.33,79.77,53.39,3013.30,259.96,40044.20,0.0,0.0,0.0
2021-05-06,Rice,35.72,59.13,65.03,6501.07,106.82,73354.97,0.0,0.0,1.0
2021-05-06,Barley,23.54,74.50,22.53,3551.37,100.36,31025.52,0.0,0.0,0.0
2021-05-07,Wheat,31.50,62.94,34.36,4178.21,154.83,61146.97,0.0,0.0,0.5
2021-05-07,Corn,33.83,54.56,52.72,9771.66,50.00,98772.09,0.0,0.0,0.5
2021-05-07,Soybeans,33.53,64.23,50.12,2949.27,278.74,37773.03,0.0,0.0,0.5
2021-05-07,Rice,27.28,52.60,29.17,6003.83,115.52,75016.61,0.0,0.0,0.0
2021-05-07,Barley,27.78,75.55,50.52,3587.84,154.17,32745.63,0.0,0.0,0.0
2021-05-08,Wheat,27.13,74.56,37.15,4425.69,114.07,58510.99,0.0,0.0,0.0
2021-05-08,Corn,30.18,66.40,44.03,9218.00,50.00,99894.11,0.0,0.0,0.5
2021-05-08,Soybeans,31.87,70.99,39.95,3194.80,248.68,38233.44,0.0,0.0,0.5
2021-05-08,Rice,38.01,75.47,46.96,6460.15,144.62,71670.69,0.0,0.0,1.0
2021-05-08,Barley,27.25,62.29,68.56,4115.83,110.09,30427.98,0.0,0.0,0.0
2021-05-09,Wheat,28.87,58.01,64.68,4253.81,175.83,63599.20,0.0,0.0,0.0
2021-05-09,Corn,37.40,61.72,47.75,9249.53,50.00,100095.70,0.0,0.0,1.0
2021-05-09,Soybeans,38.42,52.05,44.52,2980.67,252.86,38348.34,0.0,0.0,1.0
2021-05-09,Rice,28.32,65.73,43.22,6272.93,130.31,73900.07,0.0,0.0,0.0
2021-05-09,Barley,30.08,57.73,54.79,4320.99,127.74,32963.61,0.0,0.0,0.5
2021-05-10,Wheat,24.83,71.43,33.54,4063.51,133.62,64168.55,0.0,0.0,0.0
2021-05-10,Corn,36.53,72.71,27.01,9406.56,50.00,99206.67,0.0,0.0,1.0
2021-05-10,Soybeans,22.57,55.71,49.04,2989.53,236.50,36746.60,0.0,0.0,0.0
2021-05-10,Rice,32.50,81.81,60.39,6707.09,99.25,70325.69,0.0,0.0,0.5
2021-05-10,Barley,29.82,84.09,70.90,4262.99,134.80,31651.65,0.0,0.0,0.0
2021-05-11,Wheat,28.84,67.51,75.04,4410.11,172.04,60979.20,0.0,0.0,0.0
2021-05-11,Corn,38.25,48.36,58.79,9425.81,50.00,99034.29,0.5,0.0,1.0
2021-05-11,Soybeans,36.67,56.78,27.51,2899.48,282.27,38070.60,0.0,0.0,1.0
2021-05-11,Rice,36.37,68.57,77.83,6734.86,107.35,70724.78,0.0,0.0,1.0
2021-05-11,Barley,30.31,64.41,64.40,4146.45,105.19,31156.14,0.0,0.0,0.5
2021-05-12,Wheat,34.82,92.77,63.31,4802.43,131.14,62234.95,0.0,0.0,0.5
2021-05-12,Corn,37.71,49.86,44.76,9346.05,50.00,100793.77,0.5,0.0,1.0
2021-05-12,Soybeans,28.47,33.99,43.82,3054.50,288.57,37731.37,0.5,0.0,0.0
2021-05-12,Rice,30.06,50.66,57.73,6323.70,172.35,74891.01,0.0,0.0,0.5
2021-05-12,Barley,28.56,60.68,48.61,3902.04,156.49,31102.00,0.0,0.0,0.0
2021-05-13,Wheat,27.63,98.59,50.74,4680.96,120.81,62016.23,0.0,0.0,0.0
2021-05-13,Corn,32.85,41.89,80.23,9871.51,50.00,95859.46,0.5,0.0,0.5
2021-05-13,Soybeans,33.03,71.53,55.34,3088.34,286.59,39668.61,0.0,0.0,0.5
2021-05-13,Rice,34.13,54.49,70.44,6930.60,170.47,71301.01,0.0,0.0,0.5
2021-05-13,Barley,32.50,39.00,58.30,3884.89,173.00,29095.77,0.5,0.0,0.5
2021-05-14,Wheat,22.67,63.54,20.37,4405.87,98.55,61175.25,0.0,0.0,0.0
2021-05-14,Corn,20.73,65.81,74.65,9584.29,50.00,97726.92,0.0,0.0,0.0
2021-05-14,Soybeans,31.21,77.70,29.50,3033.49,224.57,35411.23,0.0,0.0,0.5
2021-05-14,Rice,28.68,80.11,50.34,6217.58,112.68,73739.36,0.0,0.0,0.0
2021-05-14,Barley,30.72,61.92,42.79,4084.25,119.79,30382.98,0.0,0.0,0.5
2021-05-15,Wheat,41.79,49.63,22.22,4585.02,121.80,60306.89,0.5,0.0,1.0
2021-05-15,Corn,27.04,67.09,73.98,9734.87,50.00,94676.93,0.0,0.0,0.0
2021-05-15,Soybeans,25.19,28.40,37.86,2989.31,290.77,36122.99,1.0,0.0,0.0
2021-05-15,Rice,30.83,60.65,53.07,6648.15,85.00,73731.33,0.0,0.0,0.5
2021-05-15,Barley,35.61,64.76,60.51,4651.05,115.59,31258.30,0.0,0.0,1.0
2021-05-16,Wheat,27.07,74.07,56.90,4542.37,116.05,61177.88,0.0,0.0,0.0
2021-05-16,Corn,38.08,78.08,64.43,9611.67,50.00,97782.78,0.0,0.0,1.0
2021-05-16,Soybeans,26.01,76.13,35.12,2761.41,293.33,37053.58,0.0,0.0,0.0
2021-05-16,Rice,24.82,87.16,58.58,6374.46,96.14,72628.38,0.0,0.0,0.0
2021-05-16,Barley,28.54,73.05,44.55,3552.72,134.07,29771.34,0.0,0.0,0.0
2021-05-17,Wheat,33.75,61.24,75.18,4253.57,169.88,60135.12,0.0,0.0,0.5
2021-05-17,Corn,34.88,72.91,67.09,9552.62,50.00,99775.02,0.0,0.0,0.5
2021-05-17,Soybeans,30.02,75.03,68.52,2886.44,296.45,35170.46,0.0,0.0,0.5
2021-05-17,Rice,29.92,72.79,27.50,6226.53,159.09,74472.89,0.0,0.0,0.0
2021-05-17,Barley,30.27,75.36,45.59,4252.67,122.43,30755.56,0.0,0.0,0.5
2021-05-18,Wheat,36.13,60.40,73.38,4342.91,174.02,59653.87,0.0,0.0,1.0
2021-05-18,Corn,29.19,43.71,43.18,9187.21,50.00,96364.13,0.5,0.0,0.0
2021-05-18,Soybeans,35.19,75.18,54.62,2856.21,268.14,39836.98,0.0,0.0,1.0
2021-05-18,Rice,26.72,96.91,46.35,6493.27,144.14,75022.85,0.0,0.0,0.0
2021-05-18,Barley,29.85,66.24,49.16,4044.33,148.85,30208.07,0.0,0.0,0.0
2021-05-19,Wheat,33.31,96.98,55.72,4667.96,102.92,54950.14,0.0,0.0,0.5
2021-05-19,Corn,32.15,70.99,42.28,9523.61,50.00,98594.12,0.0,0.0,0.5
2021-05-19,Soybeans,30.64,61.21,64.85,3009.67,290.14,35172.14,0.0,0.0,0.5
2021-05-19,Rice,26.96,73.67,50.19,6563.90,114.89,68581.20,0.0,0.0,0.0
2021-05-19,Barley,28.05,84.32,45.54,3927.53,153.32,28681.85,0.0,0.0,0.0
2021-05-20,Wheat,22.31,70.34,42.74,4184.19,141.89,61003.97,0.0,0.0,0.0
2021-05-20,Corn,29.97,77.35,77.20,9571.88,50.00,95015.11,0.0,0.0,0.0
2021-05-20,Soybeans,25.79,63.98,42.82,2971.83,328.11,34580.49,0.0,0.0,0.0
2021-05-20,Rice,27.94,71.80,55.94,6555.38,146.24,67172.37,0.0,0.0,0.0
2021-05-20,Barley,18.09,65.31,66.46,3630.65,79.97,31152.84,0.0,0.0,0.0
2021-05-21,Wheat,31.05,56.73,35.22,4206.05,147.06,58574.71,0.0,0.0,0.5
2021-05-21,Corn,32.30,30.26,37.15,9144.03,50.00,94647.66,0.5,0.0,0.5
2021-05-21,Soybeans,33.82,45.19,50.68,3093.63,313.39,34932.88,0.5,0.0,0.5
2021-05-21,Rice,31.45,46.02,14.12,6446.10,124.28,74149.84,0.5,0.0,0.5
2021-05-21,Barley,22.96,80.88,78.03,4165.47,133.89,29930.78,0.0,0.0,0.0
2021-05-22,Wheat,21.78,93.74,40.84,4510.33,105.98,57271.90,0.0,0.0,0.0
2021-05-22,Corn,36.81,68.20,71.80,9647.81,50.00,97193.45,0.0,0.0,1.0
2021-05-22,Soybeans,26.68,83.89,50.38,2677.86,296.17,40170.94,0.0,0.0,0.0
2021-05-22,Rice,32.10,72.55,66.13,6638.83,121.83,69373.73,0.0,0.0,0.5
2021-05-22,Barley,30.80,88.94,37.46,4258.08,124.49,28039.87,0.0,0.0,0.5
2021-05-23,Wheat,34.42,69.43,61.39,4531.66,135.51,60418.56,0.0,0.0,0.5
2021-05-23,Corn,30.89,43.80,33.18,9548.24,50.00,94042.84,0.5,0.0,0.5
2021-05-23,Soybeans,22.64,57.53,19.67,2719.56,279.25,33725.69,0.0,0.0,0.0
2021-05-23,Rice,29.09,79.19,81.40,6353.90,150.80,73263.93,0.0,0.0,0.0
2021-05-23,Barley,25.54,76.78,43.14,3961.73,163.02,30926.93,0.0,0.0,0.0
2021-05-24,Wheat,31.77,67.59,27.74,4349.90,165.38,56174.93,0.0,0.0,0.5
2021-05-24,Corn,23.95,75.93,35.23,9209.05,50.00,92035.60,0.0,0.0,0.0
2021-05-24,Soybeans,24.36,84.59,30.39,2545.14,285.59,37001.47,0.0,0.0,0.0
2021-05-24,Rice,28.24,67.07,50.67,6120.78,145.67,71841.99,0.0,0.0,0.0
2021-05-24,Barley,27.18,89.13,33.09,4141.11,131.99,28941.53,0.0,0.0,0.0
2021-05-25,Wheat,28.92,72.74,68.30,4360.91,125.73,61096.97,0.0,0.0,0.0
2021-05-25,Corn,26.05,87.85,75.49,9533.27,50.00,92131.59,0.0,0.0,0.0
2021-05-25,Soybeans,32.80,77.34,57.10,2939.02,249.22,36421.12,0.0,0.0,0.5
2021-05-25,Rice,18.71,69.59,64.12,6485.21,161.98,72879.45,0.0,0.0,0.0
2021-05-25,Barley,25.75,74.76,49.29,3637.07,121.18,28390.66,0.0,0.0,0.0
2021-05-26,Wheat,18.64,75.36,46.26,4033.81,157.24,60248.52,0.0,0.0,0.0
2021-05-26,Corn,29.95,69.78,58.87,9669.49,50.00,92457.62,0.0,0.0,0.0
2021-05-26,Soybeans,30.20,92.58,41.05,3411.99,253.01,35354.88,0.0,0.0,0.5
2021-05-26,Rice,25.45,77.99,23.87,6220.66,110.43,70850.81,0.0,0.0,0.0
2021-05-26,Barley,33.79,84.33,14.43,4287.10,131.59,27855.39,0.0,0.0,0.5
2021-05-27,Wheat,29.39,77.58,40.00,4488.65,125.63,57797.86,0.0,0.0,0.0
2021-05-27,Corn,25.18,53.45,52.19,9536.64,50.00,95410.38,0.0,0.0,0.0
2021-05-27,Soybeans,30.23,66.94,62.59,2777.64,270.88,33235.55,0.0,0.0,0.5
2021-05-27,Rice,34.01,89.08,57.31,6819.16,93.74,71025.09,0.0,0.0,0.5
2021-05-27,Barley,27.98,87.64,48.27,3919.45,144.59,31055.63,0.0,0.0,0.0
2021-05-28,Wheat,25.05,74.30,34.12,3870.13,157.26,59611.65,0.0,0.0,0.0
2021-05-28,Corn,29.70,45.98,44.74,8969.01,50.00,91258.03,0.5,0.0,0.0
2021-05-28,Soybeans,34.67,89.41,36.49,2781.42,295.75,33347.66,0.0,0.0,0.5
2021-05-28,Rice,28.91,67.98,23.28,5895.33,148.20,68949.49,0.0,0.0,0.0
2021-05-28,Barley,25.63,85.66,67.60,4011.10,124.94,30197.21,0.0,0.0,0.0
2021-05-29,Wheat,21.39,78.84,58.28,4599.06,96.29,56655.90,0.0,0.0,0.0
2021-05-29,Corn,23.79,76.99,57.21,9777.26,50.00,92090.63,0.0,0.0,0.0
2021-05-29,Soybeans,33.93,79.94,69.01,3201.98,248.78,32240.91,0.0,0.0,0.5
2021-05-29,Rice,20.42,85.43,67.83,6884.08,125.92,72140.01,0.0,0.0,0.0
2021-05-29,Barley,25.28,58.15,62.75,4066.37,132.69,29864.05,0.0,0.0,0.0
2021-05-30,Wheat,29.58,95.02,69.42,4741.78,148.37,58989.08,0.0,0.0,0.0
2021-05-30,Corn,25.66,87.11,29.08,9586.96,50.00,93309.13,0.0,0.0,0.0
2021-05-30,Soybeans,23.74,84.06,49.49,2633.98,303.05,33620.73,0.0,0.0,0.0
2021-05-30,Rice,32.37,75.78,55.93,6363.38,115.50,68635.86,0.0,0.0,0.5
2021-05-30,Barley,32.24,100.92,37.92,4229.27,83.56,26592.10,0.0,0.0,0.5
2021-05-31,Wheat,22.95,55.74,26.25,4354.77,136.85,58499.75,0.0,0.0,0.0
2021-05-31,Corn,31.19,80.01,59.87,9557.37,50.00,94501.13,0.0,0.0,0.5
2021-05-31,Soybeans,24.80,61.99,47.33,2726.03,282.61,35332.67,0.0,0.0,0.0
2021-05-31,Rice,29.48,62.56,42.68,6648.23,127.24,73439.25,0.0,0.0,0.0
2021-05-31,Barley,33.64,93.19,29.18,4121.47,128.27,27768.50,0.0,0.0,0.5
2021-06-01,Wheat,28.36,90.45,57.51,4376.36,155.44,56243.45,0.0,0.0,0.0
2021-06-01,Corn,28.60,71.73,46.72,9616.31,50.00,95920.19,0.0,0.0,0.0
2021-06-01,Soybeans,18.41,67.31,55.55,3013.38,277.46,34396.39,0.0,0.0,0.0
2021-06-01,Rice,29.57,72.81,70.90,6763.69,130.73,67090.04,0.0,0.0,0.0
2021-06-01,Barley,27.12,71.77,34.92,3961.37,122.10,30070.12,0.0,0.0,0.0
2021-06-02,Wheat,21.94,102.31,36.56,4450.68,154.57,56152.81,0.0,0.0,0.0
2021-06-02,Corn,31.56,58.08,71.78,9593.47,50.00,91072.18,0.0,0.0,0.5
2021-06-02,Soybeans,31.34,67.76,38.76,2898.39,260.53,38017.54,0.0,0.0,0.5
2021-06-02,Rice,24.46,89.00,53.14,6291.42,129.68,70320.91,0.0,0.0,0.0
2021-06-02,Barley,26.35,94.42,65.32,4262.76,117.03,26487.36,0.0,0.0,0.0
2021-06-03,Wheat,24.00,79.70,58.19,4056.02,148.44,57383.57,0.0,0.0,0.0
2021-06-03,Corn,25.68,96.13,56.33,9792.73,50.00,93182.78,0.0,0.0,0.0
2021-06-03,Soybeans,35.24,96.43,33.62,2962.65,274.59,35218.94,0.0,0.0,1.0
2021-06-03,Rice,30.50,64.18,51.02,6084.45,165.88,67456.12,0.0,0.0,0.5
2021-06-03,Barley,27.35,72.11,67.19,3486.15,142.97,28322.06,0.0,0.0,0.0
2021-06-04,Wheat,24.57,102.88,36.69,4589.28,142.39,59361.64,0.0,0.0,0.0
2021-06-04,Corn,23.50,65.99,66.44,9584.28,50.00,89863.15,0.0,0.0,0.0
2021-06-04,Soybeans,28.77,89.56,39.81,2383.02,315.14,31662.52,0.0,0.0,0.0
2021-06-04,Rice,16.75,34.50,62.21,6373.30,122.42,70984.37,0.5,0.0,0.0
2021-06-04,Barley,30.03,101.23,29.11,3941.35,100.96,27960.54,0.0,0.0,0.5
2021-06-05,Wheat,25.36,86.61,50.68,4604.96,148.94,60917.64,0.0,0.0,0.0
2021-06-05,Corn,25.03,63.10,53.69,9284.50,50.00,90006.01,0.0,0.0,0.0
2021-06-05,Soybeans,23.78,70.14,60.78,2950.41,269.15,37295.37,0.0,0.0,0.0
2021-06-05,Rice,22.33,77.74,59.78,6151.41,144.31,65819.12,0.0,0.0,0.0
2021-06-05,Barley,30.72,62.77,60.39,4255.88,143.60,28806.52,0.0,0.0,0.5
2021-06-06,Wheat,25.22,68.78,72.07,4410.17,119.00,57705.74,0.0,0.0,0.0
2021-06-06,Corn,22.39,63.17,28.35,9195.44,50.00,90686.19,0.0,0.0,0.0
2021-06-06,Soybeans,31.13,85.33,47.14,2978.02,291.08,36370.14,0.0,0.0,0.5
2021-06-06,Rice,27.01,70.39,35.11,6097.33,149.92,68805.96,0.0,0.0,0.0
2021-06-06,Barley,29.26,75.49,71.10,4002.30,151.05,28110.02,0.0,0.0,0.0
2021-06-07,Wheat,23.10,86.52,56.14,4556.14,137.72,56064.55,0.0,0.0,0.0
2021-06-07,Corn,38.08,95.39,60.84,9698.18,50.00,90860.53,0.0,0.0,1.0
2021-06-07,Soybeans,26.27,73.08,48.79,2318.71,311.46,32707.25,0.0,0.0,0.0
2021-06-07,Rice,34.10,77.92,32.17,6447.73,103.41,68315.22,0.0,0.0,0.5
2021-06-07,Barley,27.60,92.00,38.14,3957.43,105.64,29473.16,0.0,0.0,0.0
2021-06-08,Wheat,28.50,85.26,50.02,4588.58,167.37,55333.67,0.0,0.0,0.0
2021-06-08,Corn,26.60,61.53,36.98,9393.48,50.00,88933.60,0.0,0.0,0.0
2021-06-08,Soybeans,24.72,71.72,41.98,2959.58,251.67,36104.19,0.0,0.0,0.0
2021-06-08,Rice,22.58,88.65,30.95,6491.60,136.23,67853.03,0.0,0.0,0.0
2021-06-08,Barley,20.93,81.57,32.25,3783.17,157.36,29545.33,0.0,0.0,0.0
2021-06-09,Wheat,25.74,63.39,59.68,4486.50,91.43,57230.88,0.0,0.0,0.0
2021-06-09,Corn,25.54,96.05,33.57,8780.06,50.00,89648.12,0.0,0.0,0.0
2021-06-09,Soybeans,17.21,63.34,91.33,2994.32,294.85,32098.05,0.0,0.0,0.0
2021-06-09,Rice,15.21,75.46,46.02,6253.17,128.85,67327.28,0.0,0.0,0.0
2021-06-09,Barley,24.92,59.06,57.29,3563.85,100.59,29311.17,0.0,0.0,0.0
2021-06-10,Wheat,27.96,77.33,29.07,4238.04,138.79,52233.92,0.0,0.0,0.0
2021-06-10,Corn,21.73,87.98,71.41,9466.43,50.00,84853.01,0.0,0.0,0.0
2021-06-10,Soybeans,28.72,66.14,54.61,2943.00,308.69,31506.55,0.0,0.0,0.0
2021-06-10,Rice,28.56,74.00,47.63,6435.00,107.86,66482.65,0.0,0.0,0.0
2021-06-10,Barley,25.11,81.81,51.27,4130.69,147.59,25611.61,0.0,0.0,0.0
2021-06-11,Wheat,29.53,60.57,58.82,4634.46,95.91,55370.14,0.0,0.0,0.0
2021-06-11,Corn,22.84,66.99,70.26,9382.97,50.00,88446.09,0.0,0.0,0.0
2021-06-11,Soybeans,28.61,76.24,67.50,3182.28,229.14,32051.58,0.0,0.0,0.0
2021-06-11,Rice,22.37,85.56,10.63,6757.81,124.10,66518.78,0.0,0.0,0.0
2021-06-11,Barley,31.09,113.52,63.06,4343.03,127.07,27309.04,0.0,0.0,0.5
2021-06-12,Wheat,22.56,66.14,39.69,4086.26,146.33,51571.79,0.0,0.0,0.0
2021-06-12,Corn,25.90,77.99,52.20,9371.52,74.11,90626.04,0.0,0.0,0.0
2021-06-12,Soybeans,18.72,82.02,40.88,2652.74,267.09,33829.11,0.0,0.0,0.0
2021-06-12,Rice,21.53,93.05,64.91,6800.76,94.93,66880.08,0.0,0.0,0.0
2021-06-12,Barley,28.10,71.42,38.42,4237.89,131.32,28742.50,0.0,0.0,0.0
2021-06-13,Wheat,20.59,60.40,41.46,4309.14,120.99,54676.92,0.0,0.0,0.0
2021-06-13,Corn,16.25,61.89,60.06,9507.39,50.00,85479.04,0.0,0.0,0.0
2021-06-13,Soybeans,19.56,73.09,59.67,3125.76,265.04,30510.98,0.0,0.0,0.0
2021-06-13,Rice,26.04,66.33,42.23,6669.21,133.12,65951.88,0.0,0.0,0.0
2021-06-13,Barley,18.34,81.86,65.94,3901.66,161.19,29933.79,0.0,0.0,0.0
2021-06-14,Wheat,32.77,83.41,58.81,4871.41,137.16,53448.22,0.0,0.0,0.5
2021-06-14,Corn,22.21,82.41,30.64,9311.46,50.00,82738.60,0.0,0.0,0.0
2021-06-14,Soybeans,32.12,95.67,43.10,3136.77,274.59,35130.40,0.0,0.0,0.5
2021-06-14,Rice,29.36,57.83,58.81,6462.23,125.48,63884.49,0.0,0.0,0.0
2021-06-14,Barley,33.19,94.43,38.90,3748.38,129.82,28094.35,0.0,0.0,0.5
2021-06-15,Wheat,25.40,97.77,61.85,4752.74,137.72,51424.86,0.0,0.0,0.0
2021-06-15,Corn,23.22,94.87,49.23,9568.75,50.00,84665.91,0.0,0.0,0.0
2021-06-15,Soybeans,23.59,83.61,40.16,2856.76,266.94,34760.57,0.0,0.0,0.0
2021-06-15,Rice,22.73,100.76,72.93,6577.29,99.63,60872.36,0.0,0.0,0.0
2021-06-15,Barley,16.84,58.36,70.68,3961.71,140.63,22660.89,0.0,0.0,0.0
2021-06-16,Wheat,17.97,92.41,54.30,4406.53,151.13,57226.58,0.0,0.0,0.0
2021-06-16,Corn,22.85,80.14,52.89,9931.65,50.00,87694.42,0.0,0.0,0.0
2021-06-16,Soybeans,23.38,87.60,40.14,2899.92,298.23,38598.81,0.0,0.0,0.0
2021-06-16,Rice,28.00,66.38,43.64,6340.25,92.18,64085.80,0.0,0.0,0.0
2021-06-16,Barley,27.62,59.99,65.73,4122.36,114.62,26694.43,0.0,0.0,0.0
2021-06-17,Wheat,31.70,90.23,50.13,4500.54,139.02,52681.81,0.0,0.0,0.5
2021-06-17,Corn,13.18,109.86,52.33,9492.81,50.00,84458.30,0.0,0.0,0.0
2021-06-17,Soybeans,22.78,55.23,84.16,2812.10,266.88,31342.68,0.0,0.0,0.0
2021-06-17,Rice,30.15,79.44,31.46,6668.50,131.22,65523.27,0.0,0.0,0.5
2021-06-17,Barley,27.28,115.14,82.78,4079.66,162.73,27619.00,0.0,0.0,0.0
2021-06-18,Wheat,25.95,53.95,47.44,4242.06,160.51,55596.75,0.0,0.0,0.0
2021-06-18,Corn,13.08,79.00,66.83,9385.64,50.00,86229.67,0.0,0.0,0.0
2021-06-18,Soybeans,25.16,75.27,31.75,2636.61,308.72,32111.67,0.0,0.0,0.0
2021-06-18,Rice,22.76,72.98,45.42,6610.07,111.94,61463.37,0.0,0.0,0.0
2021-06-18,Barley,27.17,76.26,50.47,4298.12,125.03,27305.66,0.0,0.0,0.0
2021-06-19,Wheat,17.31,76.14,59.14,4110.01,151.27,53404.40,0.0,0.0,0.0
2021-06-19,Corn,23.41,95.00,55.02,9794.78,50.00,85396.35,0.0,0.0,0.0
2021-06-19,Soybeans,23.63,63.40,64.34,3449.71,261.67,32931.73,0.0,0.0,0.0
2021-06-19,Rice,23.63,68.74,22.69,6146.01,107.05,67251.58,0.0,0.0,0.0
2021-06-19,Barley,22.63,74.25,63.34,3767.11,121.79,26737.55,0.0,0.0,0.0
2021-06-20,Wheat,28.09,87.06,53.72,4539.31,144.52,53353.40,0.0,0.0,0.0
2021-06-20,Corn,17.80,80.23,33.89,9324.14,50.00,89798.91,0.0,0.0,0.0
2021-06-20,Soybeans,22.75,58.47,47.99,2988.26,313.94,30591.15,0.0,0.0,0.0
2021-06-20,Rice,15.04,91.79,29.29,6193.18,128.09,63400.85,0.0,0.0,0.0
2021-06-20,Barley,26.40,69.28,45.89,3929.13,136.55,26670.70,0.0,0.0,0.0
2021-06-21,Wheat,24.88,92.28,55.89,4603.49,103.27,52796.95,0.0,0.0,0.0
2021-06-21,Corn,25.09,90.55,39.61,9298.32,50.00,85387.23,0.0,0.0,0.0
2021-06-21,Soybeans,27.87,73.51,63.62,3068.47,274.78,31195.13,0.0,0.0,0.0
2021-06-21,Rice,26.43,84.50,84.14,6483.55,133.44,62177.40,0.0,0.0,0.0
2021-06-21,Barley,18.35,79.46,52.06,4486.35,117.62,24087.89,0.0,0.0,0.0
2021-06-22,Wheat,23.81,48.58,48.62,4381.54,156.35,54389.35,0.5,0.0,0.0
2021-06-22,Corn,19.92,77.44,38.51,9121.05,50.00,81360.20,0.0,0.0,0.0
2021-06-22,Soybeans,20.37,64.77,58.25,3284.74,242.58,27759.23,0.0,0.0,0.0
2021-06-22,Rice,21.82,79.93,53.28,6355.18,123.56,63665.55,0.0,0.0,0.0
2021-06-22,Barley,27.64,50.37,44.47,3942.28,114.91,29683.39,0.0,0.0,0.0
2021-06-23,Wheat,19.01,79.15,58.34,4321.84,105.02,51329.68,0.0,0.0,0.0
2021-06-23,Corn,27.33,74.71,37.30,9594.42,50.00,82478.86,0.0,0.0,0.0
2021-06-23,Soybeans,22.93,91.33,85.73,3306.07,290.95,30300.26,0.0,0.0,0.0
2021-06-23,Rice,17.06,80.70,51.61,6174.31,130.39,63423.02,0.0,0.0,0.0
2021-06-23,Barley,23.99,87.33,54.36,3884.97,124.25,23695.59,0.0,0.0,0.0
2021-06-24,Wheat,30.86,80.03,46.63,4315.99,200.81,49784.57,0.0,0.0,0.5
2021-06-24,Corn,19.79,86.06,59.00,9656.60,50.00,84102.27,0.0,0.0,0.0
2021-06-24,Soybeans,16.65,75.97,54.62,3305.19,239.84,33563.89,0.0,0.0,0.0
2021-06-24,Rice,22.83,92.39,48.47,6286.96,144.97,63626.33,0.0,0.0,0.0
2021-06-24,Barley,26.79,79.63,41.00,3620.42,156.74,26813.39,0.0,0.0,0.0
2021-06-25,Wheat,16.85,71.80,43.00,4030.45,132.89,49407.22,0.0,0.0,0.0
2021-06-25,Corn,19.61,68.80,25.59,9666.21,50.00,81121.78,0.0,0.0,0.0
2021-06-25,Soybeans,23.04,86.14,67.87,2878.26,306.71,29909.12,0.0,0.0,0.0
2021-06-25,Rice,15.00,90.74,69.36,6995.82,81.15,63407.70,0.0,0.0,0.0
2021-06-25,Barley,19.63,91.63,27.94,3566.67,126.02,25995.37,0.0,0.0,0.0
2021-06-26,Wheat,18.21,89.81,65.40,4608.67,167.16,52249.70,0.0,0.0,0.0
2021-06-26,Corn,15.33,100.37,40.92,9540.77,50.00,83182.26,0.0,0.0,0.0
2021-06-26,Soybeans,13.94,66.15,69.84,2887.05,286.11,32368.48,0.0,0.0,0.0
2021-06-26,Rice,24.90,84.10,46.87,6389.02,143.54,62808.80,0.0,0.0,0.0
2021-06-26,Barley,20.13,96.15,48.06,3763.61,122.02,23751.54,0.0,0.0,0.0
2021-06-27,Wheat,19.80,98.46,37.92,4422.22,126.31,50640.18,0.0,0.0,0.0
2021-06-27,Corn,13.61,76.64,47.09,9432.93,50.00,79460.49,0.0,0.0,0.0
2021-06-27,Soybeans,26.58,83.11,52.98,2995.08,269.84,31132.08,0.0,0.0,0.0
2021-06-27,Rice,23.54,53.75,41.92,6301.49,134.57,63779.58,0.0,0.0,0.0
2021-06-27,Barley,17.30,72.48,42.31,3669.24,132.33,27122.00,0.0,0.0,0.0
2021-06-28,Wheat,15.63,86.39,24.47,4139.22,139.93,54252.92,0.0,0.0,0.0
2021-06-28,Corn,19.53,46.96,20.02,9196.10,50.00,82196.03,0.5,0.0,0.0
2021-06-28,Soybeans,21.74,97.41,41.91,3100.75,243.33,28732.02,0.0,0.0,0.0
2021-06-28,Rice,11.87,75.85,49.31,6339.74,129.35,59228.73,0.0,0.0,0.0
2021-06-28,Barley,19.95,57.52,70.45,3906.07,124.29,28629.48,0.0,0.0,0.0
2021-06-29,Wheat,14.43,63.11,33.56,4224.77,153.01,52124.68,0.0,0.0,0.0
2021-06-29,Corn,33.51,46.25,59.13,9411.79,50.00,79792.99,0.5,0.0,0.5
2021-06-29,Soybeans,16.10,105.26,62.63,2989.35,307.45,27362.14,0.0,0.0,0.0
2021-06-29,Rice,13.99,47.32,39.51,6264.45,132.80,61073.08,0.5,0.0,0.0
2021-06-29,Barley,13.59,92.04,53.59,4034.56,93.38,25945.65,0.0,0.0,0.0
2021-06-30,Wheat,14.45,74.04,58.02,4400.86,122.95,50399.82,0.0,0.0,0.0
2021-06-30,Corn,12.73,97.25,46.92,9580.12,50.00,79572.49,0.0,0.0,0.0
2021-06-30,Soybeans,16.57,93.14,39.36,2977.66,273.24,26280.44,0.0,0.0,0.0
2021-06-30,Rice,17.54,62.31,50.51,6114.44,154.51,60282.58,0.0,0.0,0.0
2021-06-30,Barley,19.50,89.84,64.46,3992.94,116.73,21645.70,0.0,0.0,0.0
2021-07-01,Wheat,16.70,70.74,51.61,4297.47,156.32,48903.14,0.0,0.0,0.0
2021-07-01,Corn,19.84,97.76,55.13,9457.58,50.00,78940.11,0.0,0.0,0.0
2021-07-01,Soybeans,15.88,71.88,61.33,2864.82,258.41,33613.80,0.0,0.0,0.0
2021-07-01,Rice,21.73,58.89,43.37,6374.11,161.00,57938.70,0.0,0.0,0.0
2021-07-01,Barley,25.01,100.99,40.57,3899.42,113.49,24657.63,0.0,0.0,0.0
2021-07-02,Wheat,19.69,89.88,66.35,4358.79,101.68,49828.41,0.0,0.0,0.0
2021-07-02,Corn,21.34,83.73,45.10,9431.29,50.00,80556.90,0.0,0.0,0.0
2021-07-02,Soybeans,18.00,72.48,47.45,3189.62,268.75,29882.95,0.0,0.0,0.0
2021-07-02,Rice,17.46,96.47,79.40,6654.65,118.74,59918.64,0.0,0.0,0.0
2021-07-02,Barley,7.95,91.16,52.01,3907.55,119.80,24166.53,0.0,0.0,0.0
2021-07-03,Wheat,17.56,95.29,44.32,4804.28,138.51,47061.36,0.0,0.0,0.0
2021-07-03,Corn,18.97,70.19,17.08,9535.40,50.00,80446.77,0.0,0.0,0.0
2021-07-03,Soybeans,20.44,59.24,42.75,3004.95,258.78,24704.10,0.0,0.0,0.0
2021-07-03,Rice,18.48,77.84,52.03,6546.32,133.63,60052.81,0.0,0.0,0.0
2021-07-03,Barley,25.59,57.18,57.57,4083.42,105.37,21800.62,0.0,0.0,0.0
2021-07-04,Wheat,15.62,70.01,61.30,4279.88,125.88,48131.40,0.0,0.0,0.0
2021-07-04,Corn,24.95,80.13,47.31,9424.30,50.00,77469.12,0.0,0.0,0.0
2021-07-04,Soybeans,25.93,83.09,47.59,3463.66,240.34,28905.43,0.0,0.0,0.0
2021-07-04,Rice,13.19,94.22,75.34,6831.05,135.39,58830.36,0.0,0.0,0.0
2021-07-04,Barley,17.53,54.87,80.54,4081.51,120.37,27333.45,0.0,0.0,0.0
2021-07-05,Wheat,14.23,86.00,47.41,4479.12,136.75,46194.95,0.0,0.0,0.0
2021-07-05,Corn,19.47,95.63,49.56,9588.84,50.00,78502.36,0.0,0.0,0.0
2021-07-05,Soybeans,15.97,91.10,50.47,3032.33,300.46,30841.32,0.0,0.0,0.0
2021-07-05,Rice,20.46,64.93,49.96,6277.65,123.40,58167.09,0.0,0.0,0.0
2021-07-05,Barley,14.20,50.54,39.98,3781.62,109.84,24579.76,0.0,0.0,0.0
2021-07-06,Wheat,28.34,95.20,74.65,4725.29,155.22,47391.27,0.0,0.0,0.0
2021-07-06,Corn,15.62,38.77,67.79,9680.73,50.00,77634.82,0.5,0.0,0.0
2021-07-06,Soybeans,15.07,85.59,66.87,2607.70,303.88,28750.18,0.0,0.0,0.0
2021-07-06,Rice,19.41,86.74,47.18,6382.71,122.33,60547.68,0.0,0.0,0.0
2021-07-06,Barley,20.93,83.16,30.94,3754.62,155.37,24494.99,0.0,0.0,0.0
2021-07-07,Wheat,21.88,106.30,65.58,4577.91,125.33,43474.85,0.0,0.0,0.0
2021-07-07,Corn,17.74,74.91,55.86,9375.71,50.00,74172.32,0.0,0.0,0.0
2021-07-07,Soybeans,13.88,86.95,75.74,2971.90,287.68,31054.13,0.0,0.0,0.0
2021-07-07,Rice,14.53,85.30,38.89,6483.30,126.11,58895.24,0.0,0.0,0.0
2021-07-07,Barley,14.67,90.40,81.27,3832.27,128.89,24754.19,0.0,0.0,0.0
2021-07-08,Wheat,22.26,71.34,7.50,4474.61,153.34,44839.22,0.0,0.0,0.0
2021-07-08,Corn,15.29,103.26,71.72,9705.70,50.00,77486.16,0.0,0.0,0.0
2021-07-08,Soybeans,17.67,96.66,36.86,2693.17,312.48,28906.35,0.0,0.0,0.0
2021-07-08,Rice,25.22,69.66,49.18,6252.91,131.30,55033.04,0.0,0.0,0.0
2021-07-08,Barley,15.89,58.19,60.41,4020.61,96.94,26830.33,0.0,0.0,0.0
2021-07-09,Wheat,30.56,80.35,40.38,5033.04,97.79,48108.99,0.0,0.0,0.5
2021-07-09,Corn,18.97,99.84,55.40,9366.60,50.00,76226.40,0.0,0.0,0.0
2021-07-09,Soybeans,13.03,80.38,41.54,2499.97,325.10,27845.92,0.0,0.0,0.0
2021-07-09,Rice,11.73,77.14,51.03,5977.39,147.42,55588.22,0.0,0.0,0.0
2021-07-09,Barley,26.62,87.52,44.00,3812.25,134.03,25259.97,0.0,0.0,0.0
2021-07-10,Wheat,17.69,76.32,50.88,4263.10,136.56,43641.43,0.0,0.0,0.0
2021-07-10,Corn,22.68,84.06,38.40,9766.68,50.00,74428.53,0.0,0.0,0.0
2021-07-10,Soybeans,22.10,85.55,55.92,2886.51,293.55,28164.29,0.0,0.0,0.0
2021-07-10,Rice,20.59,51.00,43.49,6669.83,101.21,56167.94,0.0,0.0,0.0
2021-07-10,Barley,15.57,61.36,16.88,3616.71,143.15,23801.50,0.0,0.0,0.0
2021-07-11,Wheat,16.83,80.13,65.34,4417.23,128.09,46995.64,0.0,0.0,0.0
2021-07-11,Corn,20.45,100.67,40.58,9428.56,50.00,74107.48,0.0,0.0,0.0
2021-07-11,Soybeans,17.66,57.50,23.46,2782.28,281.03,28939.30,0.0,0.0,0.0
2021-07-11,Rice,17.47,64.84,49.32,6104.35,164.17,54357.53,0.0,0.0,0.0
2021-07-11,Barley,16.58,63.85,58.56,3819.99,125.59,25485.35,0.0,0.0,0.0
2021-07-12,Wheat,17.45,87.14,35.28,4044.22,151.04,46665.81,0.0,0.0,0.0
2021-07-12,Corn,20.44,78.19,53.08,9101.44,55.74,75357.12,0.0,0.0,0.0
2021-07-12,Soybeans,20.79,66.85,54.62,2654.14,302.88,27670.15,0.0,0.0,0.0
2021-07-12,Rice,17.45,89.86,31.51,6174.87,143.03,60960.64,0.0,0.0,0.0
2021-07-12,Barley,16.61,88.26,48.40,4273.07,91.05,23840.99,0.0,0.0,0.0
2021-07-13,Wheat,8.92,41.68,54.46,4272.79,137.48,46837.52,0.5,0.0,0.0
2021-07-13,Corn,32.54,75.41,57.65,9434.62,50.00,74803.38,0.0,0.0,0.5
2021-07-13,Soybeans,15.00,106.56,67.66,3028.74,232.77,27507.93,0.0,0.0,0.0
2021-07-13,Rice,30.57,75.82,66.55,6878.42,113.63,54776.24,0.0,0.0,0.5
2021-07-13,Barley,4.87,89.54,37.78,3751.94,112.46,22994.48,0.0,0.0,0.0
2021-07-14,Wheat,16.97,83.19,33.28,4541.81,124.52,43448.25,0.0,0.0,0.0
2021-07-14,Corn,16.25,79.68,52.41,9656.35,50.00,74636.26,0.0,0.0,0.0
2021-07-14,Soybeans,11.28,91.47,52.76,2775.57,250.88,30967.14,0.0,0.0,0.0
2021-07-14,Rice,10.66,70.29,55.38,6084.74,107.16,51908.73,0.0,0.0,0.0
2021-07-14,Barley,20.40,70.99,93.91,3916.67,115.40,22267.81,0.0,0.0,0.0
2021-07-15,Wheat,17.76,71.99,59.18,4221.79,116.82,42948.99,0.0,0.0,0.0
2021-07-15,Corn,5.43,71.27,45.49,9097.95,50.00,76928.72,0.0,0.0,0.0
2021-07-15,Soybeans,14.87,52.13,41.50,2640.51,281.24,26531.81,0.0,0.0,0.0
2021-07-15,Rice,13.28,73.24,40.47,6323.26,135.89,54033.21,0.0,0.0,0.0
2021-07-15,Barley,22.90,64.34,25.73,3862.50,118.68,23915.29,0.0,0.0,0.0
2021-07-16,Wheat,4.28,99.79,60.08,4042.67,119.36,49639.20,0.0,0.0,0.0
2021-07-16,Corn,12.61,66.39,16.01,9068.75,50.00,75502.45,0.0,0.0,0.0
2021-07-16,Soybeans,9.30,56.10,56.76,2990.36,248.96,29939.83,0.0,0.0,0.0
2021-07-16,Rice,16.48,95.28,48.95,5895.66,140.61,57673.89,0.0,0.0,0.0
2021-07-16,Barley,11.83,73.08,47.36,3221.32,182.56,21344.58,0.0,0.0,0.0
2021-07-17,Wheat,18.57,77.46,68.86,4566.19,131.15,44257.99,0.0,0.0,0.0
2021-07-17,Corn,20.03,50.66,59.69,9180.30,50.00,73994.63,0.0,0.0,0.0
2021-07-17,Soybeans,19.27,79.99,23.71,2599.06,309.49,27960.32,0.0,0.0,0.0
2021-07-17,Rice,21.95,84.81,35.50,6207.41,134.80,50625.93,0.0,0.0,0.0
2021-07-17,Barley,24.41,85.39,68.41,3740.80,162.59,27485.51,0.0,0.0,0.0
2021-07-18,Wheat,9.19,90.18,50.02,4013.48,159.52,47463.75,0.0,0.0,0.0
2021-07-18,Corn,12.79,96.10,25.00,8946.15,50.00,73325.23,0.0,0.0,0.0
2021-07-18,Soybeans,12.21,90.75,57.96,3065.09,274.93,28683.08,0.0,0.0,0.0
2021-07-18,Rice,13.57,109.42,37.81,6764.64,113.94,52204.83,0.0,0.0,0.0
2021-07-18,Barley,22.64,80.50,62.77,4245.97,133.35,21713.79,0.0,0.0,0.0
2021-07-19,Wheat,20.43,78.46,60.29,4031.90,158.14,44272.14,0.0,0.0,0.0
2021-07-19,Corn,23.82,87.80,53.60,9579.00,50.00,76125.41,0.0,0.0,0.0
2021-07-19,Soybeans,25.51,84.34,73.86,2979.20,264.89,27411.43,0.0,0.0,0.0
2021-07-19,Rice,17.72,72.54,58.07,6473.93,103.45,55696.76,0.0,0.0,0.0
2021-07-19,Barley,19.87,81.02,67.29,3753.68,146.78,20434.09,0.0,0.0,0.0
2021-07-20,Wheat,9.73,68.82,35.87,4104.71,143.10,46977.70,0.0,0.0,0.0
2021-07-20,Corn,13.70,54.50,67.10,9214.06,50.00,73378.50,0.0,0.0,0.0
2021-07-20,Soybeans,16.30,94.70,57.19,2766.07,332.93,27570.70,0.0,0.0,0.0
2021-07-20,Rice,14.57,92.74,53.74,6479.70,173.05,53813.83,0.0,0.0,0.0
2021-07-20,Barley,13.71,80.03,66.07,3626.27,100.91,21477.47,0.0,0.0,0.0
2021-07-21,Wheat,6.89,71.73,57.54,4121.90,118.42,45197.55,0.0,0.0,0.0
2021-07-21,Corn,19.37,52.68,62.30,9574.06,50.00,74531.16,0.0,0.0,0.0
2021-07-21,Soybeans,26.07,72.77,51.64,2881.15,284.79,30101.07,0.0,0.0,0.0
2021-07-21,Rice,8.33,65.19,70.66,6571.02,112.75,55779.45,0.0,0.0,0.0
2021-07-21,Barley,16.76,100.61,51.12,4129.59,181.99,23725.63,0.0,0.0,0.0
2021-07-22,Wheat,15.06,88.76,44.52,4828.34,132.89,44269.95,0.0,0.0,0.0
2021-07-22,Corn,10.64,94.38,63.01,9310.70,50.00,68688.19,0.0,0.0,0.0
2021-07-22,Soybeans,15.74,84.71,75.61,2850.72,260.40,25098.63,0.0,0.0,0.0
2021-07-22,Rice,8.13,97.97,73.23,6507.46,146.66,54046.90,0.0,0.0,0.0
2021-07-22,Barley,14.34,72.93,45.34,3506.42,148.14,22327.24,0.0,0.0,0.0
2021-07-23,Wheat,18.30,79.13,47.56,4204.83,146.32,46050.77,0.0,0.0,0.0
2021-07-23,Corn,8.86,79.04,53.50,9170.52,50.00,71780.09,0.0,0.0,0.0
2021-07-23,Soybeans,8.91,82.98,36.57,2950.45,328.74,25023.06,0.0,0.0,0.0
2021-07-23,Rice,17.25,66.83,65.61,6181.13,143.27,51743.17,0.0,0.0,0.0
2021-07-23,Barley,13.54,62.26,62.34,3704.20,149.55,21598.95,0.0,0.0,0.0
2021-07-24,Wheat,13.76,79.74,38.57,4332.04,172.31,42778.19,0.0,0.0,0.0
2021-07-24,Corn,20.19,100.00,37.76,9099.71,50.00,69840.19,0.0,0.0,0.0
2021-07-24,Soybeans,23.68,78.05,37.97,2653.28,315.67,25458.26,0.0,0.0,0.0
2021-07-24,Rice,14.55,91.86,42.74,6333.76,127.99,54567.91,0.0,0.0,0.0
2021-07-24,Barley,17.29,74.23,50.95,3801.75,106.81,22682.39,0.0,0.0,0.0
2021-07-25,Wheat,23.56,64.06,38.40,4181.57,159.95,44993.12,0.0,0.0,0.0
2021-07-25,Corn,13.30,63.55,51.39,9004.13,50.00,72296.88,0.0,0.0,0.0
2021-07-25,Soybeans,7.84,54.33,73.69,2733.17,313.39,26149.69,0.0,0.0,0.0
2021-07-25,Rice,13.29,83.89,36.74,6310.85,121.49,50274.39,0.0,0.0,0.0
2021-07-25,Barley,15.78,73.37,47.64,3600.76,172.61,23801.50,0.0,0.0,0.0
2021-07-26,Wheat,18.68,72.52,24.06,4642.74,132.71,42362.06,0.0,0.0,0.0
2021-07-26,Corn,15.94,94.61,49.65,9652.64,50.00,68022.69,0.0,0.0,0.0
2021-07-26,Soybeans,10.49,91.46,9.31,2604.50,267.20,25362.69,0.0,0.0,0.0
2021-07-26,Rice,12.37,71.73,41.72,6056.26,183.87,56366.52,0.0,0.0,0.0
2021-07-26,Barley,8.05,100.83,44.01,3828.04,134.52,20610.33,0.0,0.0,0.0
2021-07-27,Wheat,18.54,78.76,42.85,4096.31,129.72,40342.23,0.0,0.0,0.0
2021-07-27,Corn,13.69,58.93,46.02,9558.81,50.00,69735.44,0.0,0.0,0.0
2021-07-27,Soybeans,13.19,105.07,57.81,2865.54,256.86,26962.74,0.0,0.0,0.0
2021-07-27,Rice,17.77,67.40,54.37,6311.64,125.41,47374.35,0.0,0.0,0.0
2021-07-27,Barley,12.52,91.42,40.53,3821.14,120.82,22533.38,0.0,0.0,0.0
2021-07-28,Wheat,12.31,62.55,69.99,4583.93,123.30,44387.79,0.0,0.0,0.0
2021-07-28,Corn,16.08,86.28,24.59,9457.60,50.00,68711.89,0.0,0.0,0.0
2021-07-28,Soybeans,26.58,81.17,44.21,2508.12,327.47,23344.91,0.0,0.0,0.0
2021-07-28,Rice,8.38,71.67,71.25,6537.97,118.01,52687.25,0.0,0.0,0.0
2021-07-28,Barley,10.39,78.74,51.10,4010.63,151.11,22684.06,0.0,0.0,0.0
2021-07-29,Wheat,11.35,87.53,48.62,4115.27,139.05,43330.45,0.0,0.0,0.0
2021-07-29,Corn,17.71,73.65,31.86,9295.08,50.00,69429.91,0.0,0.0,0.0
2021-07-29,Soybeans,17.76,91.68,41.09,2743.18,269.47,27294.47,0.0,0.0,0.0
2021-07-29,Rice,20.41,71.67,46.38,6672.65,126.57,52666.15,0.0,0.0,0.0
2021-07-29,Barley,7.21,86.58,36.06,3498.74,136.09,20409.11,0.0,0.0,0.0
